Time,Degree,Velocity,Upper_Clutch,Nether_Clutch
1.76,-0.30,-60.00,0,1
7.21,-0.30,-0.00,0,1
12.49,-0.30,-0.00,0,1
17.90,-0.30,-0.00,0,1
25.96,-0.30,-0.00,0,1
32.84,0.00,60.00,0,1
40.11,0.00,0.00,0,1
47.14,0.60,120.00,0,1
54.12,0.90,60.00,0,1
61.37,0.90,0.00,0,1
66.84,0.90,0.00,0,1
73.49,0.90,0.00,0,1
79.82,0.90,0.00,0,1
86.26,0.90,0.00,0,1
94.24,0.90,0.00,0,1
99.83,0.90,0.00,0,1
105.20,0.90,0.00,0,1
110.69,0.90,0.00,0,1
115.96,0.90,0.00,0,1
121.25,0.90,0.00,0,1
126.37,0.90,0.00,0,1
131.53,0.90,0.00,0,1
136.63,0.90,0.00,0,1
141.78,0.90,0.00,0,1
146.88,0.90,0.00,0,1
151.99,0.90,0.00,0,1
157.09,0.90,0.00,0,1
162.19,0.90,0.00,0,1
167.34,0.90,0.00,0,1
172.44,0.90,0.00,0,1
177.59,0.90,0.00,0,1
182.70,0.90,0.00,0,1
187.84,0.90,0.00,0,1
192.93,0.90,0.00,0,1
198.08,0.90,0.00,0,1
203.17,0.90,0.00,0,1
208.31,0.90,0.00,0,1
213.45,0.90,0.00,0,1
218.55,0.90,0.00,0,1
223.69,0.90,0.00,0,1
228.78,0.90,0.00,0,1
233.93,0.90,0.00,0,1
239.02,0.90,0.00,0,1
244.16,0.90,0.00,0,1
249.25,0.90,0.00,0,1
254.40,0.90,0.00,0,1
259.49,0.90,0.00,0,1
264.63,0.90,0.00,0,1
269.72,0.90,0.00,0,1
274.87,0.90,0.00,0,1
279.96,0.90,0.00,0,1
285.11,0.90,0.00,0,1
290.25,0.90,0.00,0,1
295.34,0.90,0.00,0,1
300.49,0.90,0.00,0,1
305.58,0.90,0.00,0,1
310.67,0.90,0.00,0,1
315.76,0.90,0.00,0,1
320.91,0.90,0.00,0,1
326.01,0.90,0.00,0,1
331.16,0.90,0.00,0,1
336.25,0.90,0.00,0,1
341.39,0.90,0.00,0,1
346.48,0.90,0.00,0,1
351.63,0.90,0.00,0,1
356.77,0.90,0.00,0,1
361.86,0.90,0.00,0,1
367.01,0.90,0.00,0,1
372.10,0.90,0.00,0,1
377.24,0.90,0.00,0,1
382.33,0.90,0.00,0,1
387.48,0.90,0.00,0,1
392.57,0.90,0.00,0,1
397.67,0.90,0.00,0,1
402.76,0.90,0.00,0,1
407.90,0.90,0.00,0,1
412.99,0.90,0.00,0,1
418.14,0.90,0.00,0,1
423.23,0.90,0.00,0,1
428.39,0.90,0.00,0,1
433.49,0.90,0.00,0,1
438.58,0.90,0.00,0,1
443.67,0.90,0.00,0,1
448.76,0.90,0.00,0,1
453.90,0.90,0.00,0,1
459.00,0.90,0.00,0,1
464.14,0.90,0.00,0,1
469.23,0.90,0.00,0,1
474.38,0.90,0.00,0,1
479.47,0.90,0.00,0,1
484.61,0.90,0.00,0,1
489.70,0.90,0.00,0,1
494.85,0.90,0.00,0,1
499.94,0.90,0.00,0,1
505.09,0.90,0.00,0,1
510.18,0.90,0.00,0,1
515.27,0.90,0.00,0,1
520.42,0.90,0.00,0,1
525.51,0.90,0.00,0,1
530.65,0.90,0.00,0,1
535.74,0.90,0.00,0,1
540.89,0.90,0.00,0,1
545.99,0.90,0.00,0,1
551.13,0.90,0.00,0,1
556.22,0.90,0.00,0,1
561.37,0.90,0.00,0,1
566.46,0.90,0.00,0,1
571.60,0.90,0.00,0,1
576.74,0.90,0.00,0,1
581.83,0.90,0.00,0,1
586.98,0.90,0.00,0,1
592.07,0.90,0.00,0,1
597.21,0.90,0.00,0,1
602.30,0.90,0.00,0,1
607.44,0.90,0.00,0,1
612.59,0.90,0.00,0,1
617.73,0.90,0.00,0,1
622.82,0.90,0.00,0,1
627.96,0.90,0.00,0,1
633.10,0.90,0.00,0,1
638.25,0.90,0.00,0,1
643.39,0.90,0.00,0,1
648.45,0.90,0.00,0,1
653.59,0.90,0.00,0,1
658.68,0.90,0.00,0,1
663.83,0.90,0.00,0,1
668.91,0.90,0.00,0,1
674.06,0.90,0.00,0,1
679.15,0.90,0.00,0,1
684.29,0.90,0.00,0,1
689.38,0.90,0.00,0,1
694.53,0.90,0.00,0,1
699.62,0.90,0.00,0,1
704.76,0.90,0.00,0,1
709.90,0.90,0.00,0,1
715.05,0.90,0.00,0,1
720.20,0.90,0.00,0,1
725.29,0.90,0.00,0,1
730.38,0.90,0.00,0,1
735.47,0.90,0.00,0,1
740.55,0.90,0.00,0,1
745.65,0.90,0.00,0,1
750.73,0.90,0.00,0,1
755.82,0.90,0.00,0,1
760.91,0.90,0.00,0,1
766.00,0.90,0.00,0,1
771.08,0.90,0.00,0,1
776.17,0.90,0.00,0,1
781.26,0.90,0.00,0,1
786.35,0.90,0.00,0,1
791.43,0.90,0.00,0,1
796.52,0.90,0.00,0,1
801.61,0.90,0.00,0,1
806.70,0.90,0.00,0,1
811.77,0.90,0.00,0,1
816.86,0.90,0.00,0,1
821.95,0.90,0.00,0,1
827.04,0.90,0.00,0,1
832.13,0.90,0.00,0,1
837.22,0.90,0.00,0,1
842.31,0.90,0.00,0,1
847.40,0.90,0.00,0,1
852.48,0.90,0.00,0,1
857.57,0.90,0.00,0,1
862.66,0.90,0.00,0,1
867.75,0.90,0.00,0,1
872.83,0.90,0.00,0,1
877.92,0.90,0.00,0,1
883.01,0.90,0.00,0,1
888.09,0.90,0.00,0,1
893.18,0.90,0.00,0,1
898.27,0.90,0.00,0,1
903.36,0.90,0.00,0,1
908.48,0.90,0.00,0,1
913.57,0.90,0.00,0,1
918.66,0.90,0.00,0,1
923.75,0.90,0.00,0,1
928.86,0.90,0.00,0,1
933.94,0.90,0.00,0,1
939.03,0.90,0.00,0,1
944.12,0.90,0.00,0,1
949.21,0.90,0.00,0,1
954.29,0.90,0.00,0,1
959.38,0.90,0.00,0,1
964.47,0.90,0.00,0,1
969.56,0.90,0.00,0,1
974.70,0.90,0.00,0,1
979.79,0.90,0.00,0,1
984.90,0.90,0.00,0,1
990.01,0.90,0.00,0,1
995.17,0.90,0.00,0,1
1000.33,0.90,0.00,0,1
1005.43,0.90,0.00,0,1
1010.68,0.90,0.00,0,1
1015.78,0.90,0.00,0,1
1020.96,0.90,0.00,0,1
1026.05,0.90,0.00,0,1
1031.15,0.90,0.00,0,1
1036.25,0.90,0.00,0,1
1041.41,0.90,0.00,0,1
1046.55,0.90,0.00,0,1
1051.71,0.90,0.00,0,1
1056.86,0.90,0.00,0,1
1061.95,0.90,0.00,0,1
1067.09,0.90,0.00,0,1
1072.18,0.90,0.00,0,1
1077.32,0.90,0.00,0,1
1082.42,0.90,0.00,0,1
1087.56,0.90,0.00,0,1
1092.65,0.90,0.00,0,1
1097.80,0.90,0.00,0,1
1102.95,0.90,0.00,0,1
1108.09,0.90,0.00,0,1
1113.24,0.90,0.00,0,1
1118.38,0.90,0.00,0,1
1123.53,0.90,0.00,0,1
1128.69,0.90,0.00,0,1
1133.84,0.90,0.00,0,1
1138.98,0.90,0.00,0,1
1144.13,0.90,0.00,0,1
1149.28,0.90,0.00,0,1
1154.43,0.90,0.00,0,1
1159.58,0.90,0.00,0,1
1164.72,0.90,0.00,0,1
1169.87,0.90,0.00,0,1
1175.03,0.90,0.00,0,1
1180.18,0.90,0.00,0,1
1185.32,0.90,0.00,0,1
1190.47,0.90,0.00,0,1
1195.61,0.90,0.00,0,1
1200.76,0.90,0.00,0,1
1205.90,0.90,0.00,0,1
1211.05,0.90,0.00,0,1
1216.21,0.90,0.00,0,1
1221.35,0.90,0.00,0,1
1226.50,0.90,0.00,0,1
1231.65,0.90,0.00,0,1
1236.79,0.90,0.00,0,1
1241.95,0.90,0.00,0,1
1247.10,0.90,0.00,0,1
1252.25,0.90,0.00,0,1
1257.40,0.90,0.00,0,1
1262.55,0.90,0.00,0,1
1267.70,0.90,0.00,0,1
1272.84,0.90,0.00,0,1
1277.99,0.90,0.00,0,1
1283.14,0.90,0.00,0,1
1288.30,0.90,0.00,0,1
1293.45,0.90,0.00,0,1
1298.59,0.90,0.00,0,1
1303.74,0.90,0.00,0,1
1308.88,0.90,0.00,0,1
1314.03,0.90,0.00,0,1
1319.18,0.90,0.00,0,1
1324.33,0.90,0.00,0,1
1329.49,0.90,0.00,0,1
1334.64,0.90,0.00,0,1
1339.78,0.90,0.00,0,1
1344.93,0.90,0.00,0,1
1350.08,0.90,0.00,0,1
1355.26,0.90,0.00,0,1
1360.40,0.90,0.00,0,1
1365.55,0.90,0.00,0,1
1370.69,0.90,0.00,0,1
1375.85,0.90,0.00,0,1
1380.99,0.90,0.00,0,1
1386.15,0.90,0.00,0,1
1391.30,0.90,0.00,0,1
1396.45,0.90,0.00,0,1
1401.60,0.90,0.00,0,1
1406.76,0.90,0.00,0,1
1411.90,0.90,0.00,0,1
1417.05,0.90,0.00,0,1
1422.20,0.90,0.00,0,1
1427.35,0.90,0.00,0,1
1432.50,0.90,0.00,0,1
1437.65,0.90,0.00,0,1
1442.79,0.90,0.00,0,1
1447.94,0.90,0.00,0,1
1453.09,0.90,0.00,0,1
1458.23,0.90,0.00,0,1
1463.38,0.90,0.00,0,1
1468.53,0.90,0.00,0,1
1473.67,0.90,0.00,0,1
1478.83,0.90,0.00,0,1
1483.97,0.90,0.00,0,1
1489.12,0.90,0.00,0,1
1494.27,0.90,0.00,0,1
1499.41,0.90,0.00,0,1
1504.56,0.90,0.00,0,1
1509.71,0.90,0.00,0,1
1514.85,0.90,0.00,0,1
1520.00,0.90,0.00,0,1
1525.15,0.90,0.00,0,1
1530.31,0.90,0.00,0,1
1535.46,0.90,0.00,0,1
1540.61,0.90,0.00,0,1
1545.76,0.90,0.00,0,1
1550.90,0.90,0.00,0,1
1556.05,0.90,0.00,0,1
1561.19,0.90,0.00,0,1
1566.34,0.90,0.00,0,1
1571.48,0.90,0.00,0,1
1576.63,0.90,0.00,0,1
1581.82,0.90,0.00,0,1
1586.96,0.90,0.00,0,1
1592.11,0.90,0.00,0,1
1597.25,0.90,0.00,0,1
1602.40,0.90,0.00,0,1
1607.55,0.90,0.00,0,1
1612.69,0.90,0.00,0,1
1617.84,0.90,0.00,0,1
1622.98,1.20,60.00,0,1
1628.13,1.50,60.00,0,1
1633.28,1.80,60.00,0,1
1638.42,2.10,60.00,0,1
1643.57,2.40,60.00,0,1
1648.72,2.70,60.00,0,1
1653.86,3.30,120.00,0,1
1659.01,3.60,60.00,0,1
1664.15,3.90,60.00,0,1
1669.30,4.50,120.00,0,1
1674.45,4.80,60.00,0,1
1679.61,5.40,120.00,0,1
1684.75,5.70,60.00,0,1
1689.90,6.00,60.00,0,1
1695.05,6.30,60.00,0,1
1700.19,6.90,120.00,0,1
1705.34,7.20,60.00,0,1
1710.48,7.50,60.00,0,1
1715.63,8.10,120.00,0,1
1720.78,8.40,60.00,0,1
1725.92,8.70,60.00,0,1
1731.08,9.30,120.00,0,1
1736.23,9.90,120.00,0,1
1741.38,10.20,60.00,0,1
1746.53,10.80,120.00,0,1
1751.67,11.40,120.00,0,1
1756.82,12.00,120.00,0,1
1761.96,12.60,120.00,0,1
1767.11,13.20,120.00,0,1
1772.25,14.10,180.00,0,1
1777.40,14.70,120.00,0,1
1782.55,15.30,120.00,0,1
1787.69,15.90,120.00,0,1
1792.84,16.80,180.00,0,1
1797.98,17.40,120.00,0,1
1803.13,18.00,120.00,0,1
1808.27,18.90,180.00,0,1
1813.42,19.50,120.00,0,1
1818.52,20.40,180.00,0,1
1823.66,21.30,180.00,0,1
1828.81,21.90,120.00,0,1
1833.95,22.80,180.00,0,1
1839.10,23.70,180.00,0,1
1844.24,24.60,180.00,0,1
1849.38,25.50,180.00,0,1
1854.53,26.10,120.00,0,1
1859.67,27.00,180.00,0,1
1864.82,27.90,180.00,0,1
1869.97,28.50,120.00,0,1
1875.11,29.40,180.00,0,1
1880.27,30.30,180.00,0,1
1885.41,30.90,120.00,0,1
1890.56,31.80,180.00,0,1
1895.71,32.70,180.00,0,1
1900.86,33.30,120.00,0,1
1906.00,34.20,180.00,0,1
1911.15,34.80,120.00,0,1
1916.30,35.70,180.00,0,1
1921.45,36.30,120.00,0,1
1926.59,36.90,120.00,0,1
1931.74,37.80,180.00,0,1
1937.00,38.40,120.00,0,1
1942.09,39.00,120.00,0,1
1947.23,39.90,180.00,0,1
1952.33,40.50,120.00,0,1
1957.47,41.10,120.00,0,1
1962.57,41.70,120.00,0,1
1967.72,42.30,120.00,0,1
1972.81,42.90,120.00,0,1
1977.96,43.50,120.00,0,1
1983.05,44.10,120.00,0,1
1988.20,44.40,60.00,0,1
1993.29,45.00,120.00,0,1
1998.44,45.60,120.00,0,1
2003.53,45.90,60.00,0,1
2008.62,46.50,120.00,0,1
2013.77,46.80,60.00,0,1
2018.86,47.40,120.00,0,1
2024.00,47.70,60.00,0,1
2029.15,48.30,120.00,0,1
2034.30,48.60,60.00,0,1
2039.38,48.90,60.00,0,1
2044.45,49.20,60.00,0,1
2049.52,49.80,120.00,0,1
2054.59,50.10,60.00,0,1
2059.66,50.40,60.00,0,1
2064.72,50.70,60.00,0,1
2069.79,51.00,60.00,0,1
2074.86,51.30,60.00,0,1
2079.93,51.60,60.00,0,1
2084.99,51.90,60.00,0,1
2090.06,51.90,0.00,0,1
2095.13,52.20,60.00,0,1
2100.20,52.50,60.00,0,1
2105.26,52.80,60.00,0,1
2110.33,52.80,0.00,0,1
2115.39,53.10,60.00,0,1
2120.46,53.10,0.00,0,1
2125.53,53.40,60.00,0,1
2130.60,53.40,0.00,0,1
2135.67,53.70,60.00,0,1
2140.74,53.70,0.00,0,1
2145.80,53.70,0.00,0,1
2150.87,54.00,60.00,0,1
2155.94,54.00,0.00,0,1
2161.01,54.00,0.00,0,1
2166.08,54.00,0.00,0,1
2171.14,54.00,0.00,0,1
2176.21,54.00,0.00,0,1
2181.28,53.40,-120.00,0,1
2186.34,53.10,-60.00,0,1
2191.41,52.20,-180.00,0,1
2196.48,51.30,-180.00,0,1
2201.55,50.10,-240.00,0,1
2206.61,48.90,-240.00,0,1
2211.68,47.40,-300.00,0,1
2216.75,45.60,-360.00,0,1
2221.82,44.10,-300.00,0,1
2226.89,42.00,-420.00,0,1
2231.95,39.90,-420.00,0,1
2237.02,37.80,-420.00,0,1
2242.09,35.70,-420.00,0,1
2247.15,33.30,-480.00,0,1
2252.22,30.90,-480.00,0,1
2257.29,28.50,-480.00,0,1
2262.35,25.80,-540.00,0,1
2267.42,23.40,-480.00,0,1
2272.49,20.70,-540.00,0,1
2277.55,18.30,-480.00,0,1
2282.62,15.60,-540.00,0,1
2287.68,13.20,-480.00,0,1
2292.75,10.80,-480.00,0,1
2297.82,8.40,-480.00,0,1
2302.89,6.00,-480.00,0,1
2307.95,3.60,-480.00,0,1
2313.02,1.20,-480.00,0,1
2318.08,-0.90,-420.00,0,1
2323.15,-3.00,-420.00,1,0
2328.22,-5.10,-420.00,1,0
2333.30,-6.90,-360.00,1,0
2338.37,-8.70,-360.00,1,0
2343.45,-10.50,-360.00,1,0
2348.52,-12.00,-300.00,1,0
2353.58,-13.80,-360.00,1,0
2358.65,-15.00,-240.00,1,0
2363.71,-16.50,-300.00,1,0
2368.78,-18.00,-300.00,1,0
2373.84,-19.50,-300.00,1,0
2378.90,-20.70,-240.00,1,0
2383.96,-21.90,-240.00,1,0
2389.03,-23.10,-240.00,1,0
2394.09,-24.60,-300.00,1,0
2399.15,-25.80,-240.00,1,0
2404.22,-26.70,-180.00,1,0
2409.28,-27.90,-240.00,1,0
2414.34,-28.80,-180.00,1,0
2419.41,-29.70,-180.00,1,0
2424.47,-30.60,-180.00,1,0
2429.53,-31.50,-180.00,1,0
2434.59,-32.40,-180.00,1,0
2439.66,-33.00,-120.00,1,0
2444.72,-33.90,-180.00,1,0
2449.78,-34.50,-120.00,1,0
2454.84,-35.10,-120.00,1,0
2459.91,-35.70,-120.00,1,0
2464.97,-36.30,-120.00,1,0
2470.04,-36.90,-120.00,1,0
2475.10,-37.20,-60.00,1,0
2480.17,-37.80,-120.00,1,0
2485.23,-38.10,-60.00,1,0
2490.30,-38.40,-60.00,1,0
2495.36,-38.70,-60.00,1,0
2500.43,-38.70,-0.00,1,0
2505.49,-39.00,-60.00,1,0
2510.55,-39.00,-0.00,1,0
2515.62,-39.00,-0.00,1,0
2520.68,-39.00,-0.00,1,0
2525.75,-39.00,-0.00,1,0
2530.82,-39.00,-0.00,1,0
2535.88,-39.00,-0.00,1,0
2540.95,-38.70,60.00,1,0
2546.01,-38.70,0.00,1,0
2551.08,-38.70,0.00,1,0
2556.14,-38.70,0.00,1,0
2561.21,-38.70,0.00,1,0
2566.27,-38.70,0.00,1,0
2571.34,-38.70,0.00,1,0
2576.40,-38.70,0.00,1,0
2581.47,-38.70,0.00,1,0
2586.53,-38.70,0.00,1,0
2591.60,-38.70,0.00,1,0
2596.66,-38.70,0.00,1,0
2601.69,-38.70,0.00,1,0
2606.75,-38.70,0.00,1,0
2611.82,-38.70,0.00,1,0
2616.88,-38.70,0.00,1,0
2621.95,-38.70,0.00,1,0
2627.01,-38.70,0.00,1,0
2632.07,-38.70,0.00,1,0
2637.13,-38.70,0.00,1,0
2642.20,-38.70,0.00,1,0
2647.26,-38.70,0.00,1,0
2652.32,-38.70,0.00,1,0
2657.38,-38.70,0.00,1,0
2662.45,-38.70,0.00,1,0
2667.51,-38.70,0.00,1,0
2672.57,-38.70,0.00,1,0
2677.63,-38.70,0.00,1,0
2682.70,-38.70,0.00,1,0
2687.76,-38.70,0.00,1,0
2692.83,-38.70,0.00,1,0
2697.89,-38.70,0.00,1,0
2702.96,-38.70,0.00,1,0
2708.02,-38.70,0.00,1,0
2713.09,-38.70,0.00,1,0
2718.15,-38.70,0.00,1,0
2723.21,-38.70,0.00,1,0
2728.28,-38.70,0.00,1,0
2733.35,-38.70,0.00,1,0
2738.42,-38.70,0.00,1,0
2743.49,-38.70,0.00,1,0
2748.57,-38.70,0.00,1,0
2753.64,-38.70,0.00,1,0
2758.72,-38.70,0.00,1,0
2763.79,-38.70,0.00,1,0
2768.92,-38.70,0.00,1,0
2774.00,-38.70,0.00,1,0
2779.07,-38.70,0.00,1,0
2784.14,-38.70,0.00,1,0
2789.22,-38.70,0.00,1,0
2794.29,-38.70,0.00,1,0
2799.36,-38.70,0.00,1,0
2804.44,-38.70,0.00,1,0
2809.51,-38.70,0.00,1,0
2814.58,-38.70,0.00,1,0
2819.66,-38.70,0.00,1,0
2824.73,-38.70,0.00,1,0
2829.80,-38.70,0.00,1,0
2834.88,-38.70,0.00,1,0
2839.95,-38.70,0.00,1,0
2845.03,-38.70,0.00,1,0
2850.09,-38.70,0.00,1,0
2855.17,-38.70,0.00,1,0
2860.24,-38.70,0.00,1,0
2865.31,-38.70,0.00,1,0
2870.38,-38.70,0.00,1,0
2875.46,-38.70,0.00,1,0
2880.53,-38.70,0.00,1,0
2885.60,-38.70,0.00,1,0
2890.67,-38.70,0.00,1,0
2895.74,-38.70,0.00,1,0
2900.81,-38.70,0.00,1,0
2905.88,-38.70,0.00,1,0
2910.95,-38.70,0.00,1,0
2916.02,-38.70,0.00,1,0
2921.09,-38.70,0.00,1,0
2926.17,-38.70,0.00,1,0
2931.24,-38.70,0.00,1,0
2936.31,-38.70,0.00,1,0
2941.38,-38.70,0.00,1,0
2946.46,-38.70,0.00,1,0
2951.53,-38.70,0.00,1,0
2956.60,-38.70,0.00,1,0
2961.68,-38.70,0.00,1,0
2966.76,-38.70,0.00,1,0
2971.83,-38.70,0.00,1,0
2976.90,-38.70,0.00,1,0
2981.97,-38.70,0.00,1,0
2987.05,-38.70,0.00,1,0
2992.12,-38.70,0.00,1,0
2997.19,-38.70,0.00,1,0
3002.26,-38.70,0.00,1,0
3007.34,-38.70,0.00,1,0
3012.41,-38.70,0.00,1,0
3017.48,-38.70,0.00,1,0
3022.55,-38.70,0.00,1,0
3027.62,-38.70,0.00,1,0
3032.68,-38.70,0.00,1,0
3037.75,-38.70,0.00,1,0
3042.81,-38.70,0.00,1,0
3047.87,-38.70,0.00,1,0
3052.93,-38.70,0.00,1,0
3058.00,-38.70,0.00,1,0
3063.06,-38.70,0.00,1,0
3068.12,-38.70,0.00,1,0
3073.18,-38.70,0.00,1,0
3078.25,-38.70,0.00,1,0
3083.31,-38.70,0.00,1,0
3088.37,-38.70,0.00,1,0
3093.43,-38.70,0.00,1,0
3098.49,-38.70,0.00,1,0
3103.56,-38.70,0.00,1,0
3108.62,-38.70,0.00,1,0
3113.68,-38.70,0.00,1,0
3118.74,-38.70,0.00,1,0
3123.81,-38.70,0.00,1,0
3128.87,-38.70,0.00,1,0
3133.93,-38.70,0.00,1,0
3138.99,-38.70,0.00,1,0
3144.05,-38.70,0.00,1,0
3149.11,-38.70,0.00,1,0
3154.17,-38.70,0.00,1,0
3159.23,-38.70,0.00,1,0
3164.29,-38.70,0.00,1,0
3169.36,-38.70,0.00,1,0
3174.42,-38.70,0.00,1,0
3179.48,-38.70,0.00,1,0
3184.54,-38.70,0.00,1,0
3189.61,-38.70,0.00,1,0
3194.67,-38.70,0.00,1,0
3199.73,-38.70,0.00,1,0
3204.79,-38.70,0.00,1,0
3209.86,-38.70,0.00,1,0
3214.92,-38.70,0.00,1,0
3219.98,-38.70,0.00,1,0
3225.04,-38.70,0.00,1,0
3230.11,-38.70,0.00,1,0
3235.17,-38.70,0.00,1,0
3240.23,-38.70,0.00,1,0
3245.29,-38.70,0.00,1,0
3250.35,-38.70,0.00,1,0
3255.41,-38.70,0.00,1,0
3260.47,-38.70,0.00,1,0
3265.53,-38.70,0.00,1,0
3270.59,-38.70,0.00,1,0
3275.65,-38.70,0.00,1,0
3280.71,-38.70,0.00,1,0
3285.77,-38.70,0.00,1,0
3290.84,-38.70,0.00,1,0
3295.90,-38.70,0.00,1,0
3300.96,-38.70,0.00,1,0
3306.02,-38.70,0.00,1,0
3311.08,-38.70,0.00,1,0
3316.14,-38.70,0.00,1,0
3321.20,-38.70,0.00,1,0
3326.26,-38.70,0.00,1,0
3331.32,-38.70,0.00,1,0
3336.38,-38.70,0.00,1,0
3341.44,-38.70,0.00,1,0
3346.51,-38.70,0.00,1,0
3351.57,-38.70,0.00,1,0
3356.63,-38.70,0.00,1,0
3361.69,-38.70,0.00,1,0
3366.76,-38.70,0.00,1,0
3371.83,-38.70,0.00,1,0
3376.90,-38.70,0.00,1,0
3381.96,-38.70,0.00,1,0
3387.03,-38.70,0.00,1,0
3392.10,-38.70,0.00,1,0
3397.16,-38.70,0.00,1,0
3402.23,-38.70,0.00,1,0
3407.29,-38.70,0.00,1,0
3412.36,-38.70,0.00,1,0
3417.42,-38.70,0.00,1,0
3422.49,-38.70,0.00,1,0
3427.55,-38.70,0.00,1,0
3432.61,-38.70,0.00,1,0
3437.68,-38.70,0.00,1,0
3442.74,-38.70,0.00,1,0
3447.81,-38.70,0.00,1,0
3452.87,-38.70,0.00,1,0
3457.94,-38.70,0.00,1,0
3463.00,-38.70,0.00,1,0
3468.07,-38.70,0.00,1,0
3473.13,-38.70,0.00,1,0
3478.20,-38.70,0.00,1,0
3483.26,-38.70,0.00,1,0
3488.33,-38.70,0.00,1,0
3493.39,-38.70,0.00,1,0
3498.45,-38.70,0.00,1,0
3503.51,-38.70,0.00,1,0
3508.58,-38.70,0.00,1,0
3513.64,-38.70,0.00,1,0
3518.70,-38.70,0.00,1,0
3523.77,-38.70,0.00,1,0
3528.84,-38.70,0.00,1,0
3533.90,-38.70,0.00,1,0
3538.97,-38.70,0.00,1,0
3544.03,-38.70,0.00,1,0
3549.09,-38.70,0.00,1,0
3554.16,-38.70,0.00,1,0
3559.23,-38.70,0.00,1,0
3564.29,-38.70,0.00,1,0
3569.36,-38.70,0.00,1,0
3574.42,-38.70,0.00,1,0
3579.49,-38.70,0.00,1,0
3584.55,-38.70,0.00,1,0
3589.61,-38.70,0.00,1,0
3594.68,-38.70,0.00,1,0
3599.75,-38.70,0.00,1,0
3604.81,-38.70,0.00,1,0
3609.88,-38.70,0.00,1,0
3614.94,-38.70,0.00,1,0
3620.01,-38.70,0.00,1,0
3625.03,-38.70,0.00,1,0
3630.09,-38.70,0.00,1,0
3635.22,-38.70,0.00,1,0
3640.29,-38.70,0.00,1,0
3645.36,-38.70,0.00,1,0
3650.43,-38.70,0.00,1,0
3655.49,-38.70,0.00,1,0
3660.56,-38.70,0.00,1,0
3665.62,-38.70,0.00,1,0
3670.69,-38.70,0.00,1,0
3675.75,-38.70,0.00,1,0
3680.82,-38.70,0.00,1,0
3685.89,-38.70,0.00,1,0
3690.95,-38.70,0.00,1,0
3696.02,-38.70,0.00,1,0
3701.08,-38.70,0.00,1,0
3706.16,-38.70,0.00,1,0
3711.22,-38.70,0.00,1,0
3716.29,-38.70,0.00,1,0
3721.36,-38.70,0.00,1,0
3726.42,-38.70,0.00,1,0
3731.49,-38.70,0.00,1,0
3736.56,-38.70,0.00,1,0
3741.62,-38.70,0.00,1,0
3746.69,-38.70,0.00,1,0
3751.76,-38.70,0.00,1,0
3756.82,-38.70,0.00,1,0
3761.89,-38.70,0.00,1,0
3766.95,-38.70,0.00,1,0
3772.02,-38.70,0.00,1,0
3777.08,-38.70,0.00,1,0
3782.15,-38.70,0.00,1,0
3787.22,-38.70,0.00,1,0
3792.30,-38.70,0.00,1,0
3797.37,-38.70,0.00,1,0
3802.44,-38.70,0.00,1,0
3807.51,-38.70,0.00,1,0
3812.59,-38.70,0.00,1,0
3817.66,-38.70,0.00,1,0
3822.73,-38.70,0.00,1,0
3827.80,-38.70,0.00,1,0
3832.88,-38.70,0.00,1,0
3837.94,-38.70,0.00,1,0
3843.01,-38.70,0.00,1,0
3848.07,-38.70,0.00,1,0
3853.13,-38.70,0.00,1,0
3858.19,-38.70,0.00,1,0
3863.26,-38.70,0.00,1,0
3868.32,-38.70,0.00,1,0
3873.38,-38.70,0.00,1,0
3878.45,-38.70,0.00,1,0
3883.52,-38.70,0.00,1,0
3888.58,-38.70,0.00,1,0
3893.65,-38.70,0.00,1,0
3898.72,-38.70,0.00,1,0
3903.78,-38.70,0.00,1,0
3908.85,-38.70,0.00,1,0
3913.91,-38.70,0.00,1,0
3918.97,-38.70,0.00,1,0
3924.05,-38.70,0.00,1,0
3929.11,-38.70,0.00,1,0
3934.18,-38.70,0.00,1,0
3939.24,-38.70,0.00,1,0
3944.30,-38.70,0.00,1,0
3949.36,-38.70,0.00,1,0
3954.43,-38.70,0.00,1,0
3959.49,-38.70,0.00,1,0
3964.55,-38.70,0.00,1,0
3969.62,-38.70,0.00,1,0
3974.68,-38.70,0.00,1,0
3979.74,-38.70,0.00,1,0
3984.81,-38.70,0.00,1,0
3989.87,-38.70,0.00,1,0
3994.94,-38.70,0.00,1,0
4000.00,-38.70,0.00,1,0
4005.03,-38.70,0.00,1,0
4010.09,-38.70,0.00,1,0
4015.16,-38.70,0.00,1,0
4020.22,-38.70,0.00,1,0
4025.28,-38.70,0.00,1,0
4030.35,-38.70,0.00,1,0
4035.41,-38.70,0.00,1,0
4040.48,-38.70,0.00,1,0
4045.54,-38.70,0.00,1,0
4050.60,-38.70,0.00,1,0
4055.67,-38.70,0.00,1,0
4060.73,-38.70,0.00,1,0
4065.80,-38.70,0.00,1,0
4070.86,-38.70,0.00,1,0
4075.93,-38.70,0.00,1,0
4081.00,-38.70,0.00,1,0
4086.07,-38.70,0.00,1,0
4091.13,-38.70,0.00,1,0
4096.20,-38.70,0.00,1,0
4101.26,-38.70,0.00,1,0
4106.33,-38.70,0.00,1,0
4111.39,-38.70,0.00,1,0
4116.46,-38.70,0.00,1,0
4121.52,-38.70,0.00,1,0
4126.59,-38.70,0.00,1,0
4131.65,-38.70,0.00,1,0
4136.72,-38.70,0.00,1,0
4141.78,-38.70,0.00,1,0
4146.84,-38.70,0.00,1,0
4151.90,-38.70,0.00,1,0
4156.97,-38.70,0.00,1,0
4162.03,-38.70,0.00,1,0
4167.09,-38.70,0.00,1,0
4172.15,-38.70,0.00,1,0
4177.22,-38.70,0.00,1,0
4182.28,-38.70,0.00,1,0
4187.35,-38.70,0.00,1,0
4192.41,-38.70,0.00,1,0
4197.47,-38.70,0.00,1,0
4202.54,-38.70,0.00,1,0
4207.60,-38.70,0.00,1,0
4212.67,-38.70,0.00,1,0
4217.73,-38.70,0.00,1,0
4222.79,-38.70,0.00,1,0
4227.86,-38.70,0.00,1,0
4232.92,-38.70,0.00,1,0
4237.99,-38.70,0.00,1,0
4243.05,-38.70,0.00,1,0
4248.12,-38.70,0.00,1,0
4253.18,-38.70,0.00,1,0
4258.25,-38.70,0.00,1,0
4263.31,-38.70,0.00,1,0
4268.36,-38.70,0.00,1,0
4273.43,-38.70,0.00,1,0
4278.49,-38.70,0.00,1,0
4283.56,-38.70,0.00,1,0
4288.62,-38.70,0.00,1,0
4293.69,-38.70,0.00,1,0
4298.76,-38.70,0.00,1,0
4303.82,-38.70,0.00,1,0
4308.89,-38.70,0.00,1,0
4313.95,-38.70,0.00,1,0
4319.02,-38.70,0.00,1,0
4324.08,-38.70,0.00,1,0
4329.15,-38.70,0.00,1,0
4334.21,-38.70,0.00,1,0
4339.28,-38.70,0.00,1,0
4344.34,-38.70,0.00,1,0
4349.41,-38.70,0.00,1,0
4354.47,-38.70,0.00,1,0
4359.53,-38.70,0.00,1,0
4364.60,-38.70,0.00,1,0
4369.66,-38.70,0.00,1,0
4374.72,-38.70,0.00,1,0
4379.79,-38.70,0.00,1,0
4384.86,-38.70,0.00,1,0
4389.92,-38.70,0.00,1,0
4394.98,-38.70,0.00,1,0
4400.05,-38.70,0.00,1,0
4405.11,-38.70,0.00,1,0
4410.17,-38.70,0.00,1,0
4415.24,-38.70,0.00,1,0
4420.30,-38.70,0.00,1,0
4425.36,-38.70,0.00,1,0
4430.43,-38.70,0.00,1,0
4435.49,-38.70,0.00,1,0
4440.55,-38.70,0.00,1,0
4445.61,-38.70,0.00,1,0
4450.68,-38.70,0.00,1,0
4455.74,-38.70,0.00,1,0
4460.80,-38.70,0.00,1,0
4465.87,-38.70,0.00,1,0
4470.93,-38.70,0.00,1,0
4475.99,-38.70,0.00,1,0
4481.06,-38.70,0.00,1,0
4486.12,-38.70,0.00,1,0
4491.19,-38.70,0.00,1,0
4496.32,-38.70,0.00,1,0
4501.39,-38.70,0.00,1,0
4506.45,-38.70,0.00,1,0
4511.52,-38.70,0.00,1,0
4516.59,-38.70,0.00,1,0
4521.65,-38.70,0.00,1,0
4526.72,-38.70,0.00,1,0
4531.78,-38.70,0.00,1,0
4536.84,-38.70,0.00,1,0
4541.91,-38.70,0.00,1,0
4546.97,-38.70,0.00,1,0
4552.03,-38.70,0.00,1,0
4557.10,-38.70,0.00,1,0
4562.16,-38.70,0.00,1,0
4567.23,-38.70,0.00,1,0
4572.30,-38.70,0.00,1,0
4577.37,-38.70,0.00,1,0
4582.44,-38.70,0.00,1,0
4587.50,-38.70,0.00,1,0
4592.57,-38.70,0.00,1,0
4597.63,-38.70,0.00,1,0
4602.70,-38.70,0.00,1,0
4607.76,-38.70,0.00,1,0
4612.83,-38.70,0.00,1,0
4617.89,-38.70,0.00,1,0
4622.96,-38.70,0.00,1,0
4628.02,-38.70,0.00,1,0
4633.09,-38.70,0.00,1,0
4638.15,-38.70,0.00,1,0
4643.22,-38.70,0.00,1,0
4648.28,-38.70,0.00,1,0
4653.35,-38.70,0.00,1,0
4658.41,-38.70,0.00,1,0
4663.48,-38.70,0.00,1,0
4668.54,-38.70,0.00,1,0
4673.61,-38.70,0.00,1,0
4678.67,-38.70,0.00,1,0
4683.74,-38.70,0.00,1,0
4688.80,-38.70,0.00,1,0
4693.87,-38.70,0.00,1,0
4698.93,-38.70,0.00,1,0
4704.00,-38.70,0.00,1,0
4709.07,-38.70,0.00,1,0
4714.14,-38.70,0.00,1,0
4719.20,-38.70,0.00,1,0
4724.27,-38.70,0.00,1,0
4729.33,-38.70,0.00,1,0
4734.40,-38.70,0.00,1,0
4739.46,-38.70,0.00,1,0
4744.53,-38.70,0.00,1,0
4749.60,-38.70,0.00,1,0
4754.66,-38.70,0.00,1,0
4759.73,-38.70,0.00,1,0
4764.80,-38.70,0.00,1,0
4769.87,-38.70,0.00,1,0
4774.94,-38.70,0.00,1,0
4780.00,-38.70,0.00,1,0
4785.03,-38.70,0.00,1,0
4790.09,-38.70,0.00,1,0
4795.16,-38.70,0.00,1,0
4800.22,-38.70,0.00,1,0
4805.28,-38.70,0.00,1,0
4810.35,-38.70,0.00,1,0
4815.41,-38.70,0.00,1,0
4820.48,-38.70,0.00,1,0
4825.54,-38.70,0.00,1,0
4830.60,-38.70,0.00,1,0
4835.66,-38.70,0.00,1,0
4840.73,-38.70,0.00,1,0
4845.79,-38.70,0.00,1,0
4850.86,-38.70,0.00,1,0
4855.92,-38.70,0.00,1,0
4860.99,-38.70,0.00,1,0
4866.05,-38.70,0.00,1,0
4871.12,-38.70,0.00,1,0
4876.18,-38.70,0.00,1,0
4881.25,-38.70,0.00,1,0
4886.31,-38.70,0.00,1,0
4891.38,-38.70,0.00,1,0
4896.44,-38.70,0.00,1,0
4901.51,-38.70,0.00,1,0
4906.57,-38.70,0.00,1,0
4911.64,-38.70,0.00,1,0
4916.70,-38.70,0.00,1,0
4921.76,-38.70,0.00,1,0
4926.83,-38.70,0.00,1,0
4931.89,-38.70,0.00,1,0
4936.95,-38.70,0.00,1,0
4942.02,-38.70,0.00,1,0
4947.08,-38.70,0.00,1,0
4952.14,-38.70,0.00,1,0
4957.20,-38.70,0.00,1,0
4962.27,-38.70,0.00,1,0
4967.33,-38.70,0.00,1,0
4972.39,-38.70,0.00,1,0
4977.46,-38.70,0.00,1,0
4982.52,-38.70,0.00,1,0
4987.58,-38.70,0.00,1,0
4992.65,-38.70,0.00,1,0
4997.71,-38.70,0.00,1,0
5002.77,-38.70,0.00,1,0
5007.84,-38.70,0.00,1,0
5012.90,-38.70,0.00,1,0
5017.97,-38.70,0.00,1,0
5023.03,-38.70,0.00,1,0
5028.10,-38.70,0.00,1,0
5033.16,-38.70,0.00,1,0
5038.23,-38.70,0.00,1,0
5043.29,-38.70,0.00,1,0
5048.35,-38.70,0.00,1,0
5053.42,-38.70,0.00,1,0
5058.48,-38.70,0.00,1,0
5063.55,-38.70,0.00,1,0
5068.61,-38.70,0.00,1,0
5073.68,-38.70,0.00,1,0
5078.74,-38.70,0.00,1,0
5083.81,-38.70,0.00,1,0
5088.87,-38.70,0.00,1,0
5093.94,-38.70,0.00,1,0
5099.00,-38.70,0.00,1,0
5104.07,-38.70,0.00,1,0
5109.13,-38.70,0.00,1,0
5114.20,-38.70,0.00,1,0
5119.26,-38.70,0.00,1,0
5124.33,-38.70,0.00,1,0
5129.40,-38.70,0.00,1,0
5134.47,-38.70,0.00,1,0
5139.53,-38.70,0.00,1,0
5144.60,-38.70,0.00,1,0
5149.66,-38.70,0.00,1,0
5154.73,-38.70,0.00,1,0
5159.79,-38.70,0.00,1,0
5164.86,-38.70,0.00,1,0
5169.92,-38.70,0.00,1,0
5174.99,-38.70,0.00,1,0
5180.05,-38.70,0.00,1,0
5185.12,-38.70,0.00,1,0
5190.18,-38.70,0.00,1,0
5195.24,-38.70,0.00,1,0
5200.31,-38.70,0.00,1,0
5205.37,-38.70,0.00,1,0
5210.43,-38.70,0.00,1,0
5215.50,-38.70,0.00,1,0
5220.56,-38.70,0.00,1,0
5225.62,-38.70,0.00,1,0
5230.69,-38.70,0.00,1,0
5235.75,-38.70,0.00,1,0
5240.81,-38.70,0.00,1,0
5245.88,-38.70,0.00,1,0
5250.94,-38.70,0.00,1,0
5256.01,-38.70,0.00,1,0
5261.07,-38.70,0.00,1,0
5266.13,-38.70,0.00,1,0
5271.20,-38.70,0.00,1,0
5276.26,-38.70,0.00,1,0
5281.33,-38.70,0.00,1,0
5286.39,-38.70,0.00,1,0
5291.46,-38.70,0.00,1,0
5296.53,-38.70,0.00,1,0
