Time,Degree,Velocity,Electromagnet_1_Clutch,Electromagnet_2_Clutch,Electromagnet_3_Clutch,Electromagnet_4_Clutch
1.05,0.24,48.00,0,1,0,0
6.49,0.24,0.00,0,1,0,0
12.00,0.24,0.00,0,1,0,0
17.41,0.24,0.00,0,1,0,0
22.83,0.24,0.00,0,1,0,0
28.32,0.24,0.00,0,1,0,0
33.74,0.24,0.00,0,1,0,0
39.18,0.24,0.00,0,1,0,0
44.61,0.24,0.00,0,1,0,0
50.05,0.24,0.00,0,1,0,0
55.48,0.24,0.00,0,1,0,0
60.93,0.24,0.00,0,1,0,0
66.37,0.24,0.00,0,1,0,0
71.82,0.24,0.00,0,1,0,0
77.25,0.24,0.00,0,1,0,0
82.68,0.24,0.00,0,1,0,0
88.11,0.24,0.00,0,1,0,0
93.54,0.24,0.00,0,1,0,0
98.96,0.24,0.00,0,1,0,0
104.39,0.24,0.00,0,1,0,0
109.81,0.24,0.00,0,1,0,0
115.00,0.00,-48.00,0,1,0,0
120.16,0.00,-0.00,0,1,0,0
125.32,0.00,-0.00,0,1,0,0
130.48,0.00,-0.00,0,1,0,0
135.63,0.00,-0.00,0,1,0,0
140.79,0.00,-0.00,0,1,0,0
145.96,0.00,-0.00,0,1,0,0
151.11,0.00,-0.00,0,1,0,0
156.27,0.00,-0.00,0,1,0,0
161.44,0.00,-0.00,0,1,0,0
166.59,0.00,-0.00,0,1,0,0
171.74,0.00,-0.00,0,1,0,0
176.89,0.00,-0.00,0,1,0,0
182.03,0.00,-0.00,0,1,0,0
187.18,0.00,-0.00,0,1,0,0
192.32,0.00,-0.00,0,1,0,0
197.47,0.00,-0.00,0,1,0,0
202.61,0.00,-0.00,0,1,0,0
207.76,0.00,-0.00,0,1,0,0
212.90,0.00,-0.00,0,1,0,0
218.05,0.00,-0.00,0,1,0,0
223.19,0.00,-0.00,0,1,0,0
228.34,0.00,-0.00,0,1,0,0
233.48,0.00,-0.00,0,1,0,0
238.63,0.00,-0.00,0,1,0,0
243.77,0.00,-0.00,0,1,0,0
248.92,0.00,-0.00,0,1,0,0
254.06,0.00,-0.00,0,1,0,0
259.21,0.00,-0.00,0,1,0,0
264.35,0.00,-0.00,0,1,0,0
269.50,0.00,-0.00,0,1,0,0
274.64,0.00,-0.00,0,1,0,0
279.79,0.00,-0.00,0,1,0,0
284.93,0.00,-0.00,0,1,0,0
290.08,0.00,-0.00,0,1,0,0
295.22,0.00,-0.00,0,1,0,0
300.37,0.00,-0.00,0,1,0,0
305.51,0.00,-0.00,0,1,0,0
310.67,0.00,-0.00,0,1,0,0
315.81,0.00,-0.00,0,1,0,0
320.96,0.00,-0.00,0,1,0,0
326.10,0.00,-0.00,0,1,0,0
331.25,0.00,-0.00,0,1,0,0
336.39,0.00,-0.00,0,1,0,0
341.54,0.00,-0.00,0,1,0,0
346.68,0.00,-0.00,0,1,0,0
351.83,0.00,-0.00,0,1,0,0
356.98,0.00,-0.00,0,1,0,0
362.12,0.00,-0.00,0,1,0,0
367.26,0.00,-0.00,0,1,0,0
372.37,0.00,-0.00,0,1,0,0
377.52,0.00,-0.00,0,1,0,0
382.61,0.00,-0.00,0,1,0,0
387.75,0.00,-0.00,0,1,0,0
392.89,0.00,-0.00,0,1,0,0
398.03,0.00,-0.00,0,1,0,0
403.18,0.00,-0.00,0,1,0,0
408.32,0.00,-0.00,0,1,0,0
413.46,0.00,-0.00,0,1,0,0
418.60,0.24,48.00,0,1,0,0
423.75,0.24,0.00,0,1,0,0
428.89,0.24,0.00,0,1,0,0
434.03,0.24,0.00,0,1,0,0
439.17,0.24,0.00,0,1,0,0
444.32,0.24,0.00,0,1,0,0
449.46,0.24,0.00,0,1,0,0
454.61,0.24,0.00,0,1,0,0
459.75,0.24,0.00,0,1,0,0
464.90,0.24,0.00,0,1,0,0
470.05,0.24,0.00,0,1,0,0
475.19,0.24,0.00,0,1,0,0
480.34,0.24,0.00,0,1,0,0
485.49,0.24,0.00,0,1,0,0
490.63,0.24,0.00,0,1,0,0
495.78,0.24,0.00,0,1,0,0
500.93,0.24,0.00,0,1,0,0
506.07,0.24,0.00,0,1,0,0
511.23,0.24,0.00,0,1,0,0
516.38,0.24,0.00,0,1,0,0
521.54,0.24,0.00,0,1,0,0
526.69,0.24,0.00,0,1,0,0
531.84,0.24,0.00,0,1,0,0
536.99,0.24,0.00,0,1,0,0
542.14,0.24,0.00,0,1,0,0
547.29,0.24,0.00,0,1,0,0
552.44,0.24,0.00,0,1,0,0
557.59,0.24,0.00,0,1,0,0
562.74,0.24,0.00,0,1,0,0
567.89,0.00,-48.00,0,1,0,0
573.04,0.00,-0.00,0,1,0,0
578.20,0.00,-0.00,0,1,0,0
583.36,0.00,-0.00,0,1,0,0
588.50,0.00,-0.00,0,1,0,0
593.65,0.00,-0.00,0,1,0,0
598.80,0.00,-0.00,0,1,0,0
603.95,0.00,-0.00,0,1,0,0
609.09,0.00,-0.00,0,1,0,0
614.24,0.00,-0.00,0,1,0,0
619.39,0.00,-0.00,0,1,0,0
624.54,0.00,-0.00,0,1,0,0
629.69,0.00,-0.00,0,1,0,0
634.84,0.00,-0.00,0,1,0,0
639.98,0.00,-0.00,0,1,0,0
645.13,0.00,-0.00,0,1,0,0
650.28,0.00,-0.00,0,1,0,0
655.43,0.00,-0.00,0,1,0,0
660.57,0.00,-0.00,0,1,0,0
665.72,0.00,-0.00,0,1,0,0
670.87,0.00,-0.00,0,1,0,0
676.02,0.00,-0.00,0,1,0,0
681.17,0.00,-0.00,0,1,0,0
686.32,0.00,-0.00,0,1,0,0
691.46,0.00,-0.00,0,1,0,0
696.61,0.00,-0.00,0,1,0,0
701.76,0.00,-0.00,0,1,0,0
706.91,0.00,-0.00,0,1,0,0
712.07,0.00,-0.00,0,1,0,0
717.22,0.00,-0.00,0,1,0,0
722.36,0.00,-0.00,0,1,0,0
727.51,0.00,-0.00,0,1,0,0
732.66,0.00,-0.00,0,1,0,0
737.81,0.00,-0.00,0,1,0,0
742.97,0.00,-0.00,0,1,0,0
748.12,0.00,-0.00,0,1,0,0
753.27,0.00,-0.00,0,1,0,0
758.42,0.00,-0.00,0,1,0,0
763.57,0.00,-0.00,0,1,0,0
768.72,0.00,-0.00,0,1,0,0
773.87,0.00,-0.00,0,1,0,0
779.02,0.00,-0.00,0,1,0,0
784.17,0.00,-0.00,0,1,0,0
789.32,0.00,-0.00,0,1,0,0
794.47,0.00,-0.00,0,1,0,0
799.62,0.00,-0.00,0,1,0,0
804.77,0.00,-0.00,0,1,0,0
810.02,0.00,-0.00,0,1,0,0
815.17,0.00,-0.00,0,1,0,0
820.32,0.00,-0.00,0,1,0,0
825.48,0.00,-0.00,0,1,0,0
830.63,0.00,-0.00,0,1,0,0
835.77,0.00,-0.00,0,1,0,0
840.93,0.00,-0.00,0,1,0,0
846.08,0.00,-0.00,0,1,0,0
851.22,0.00,-0.00,0,1,0,0
856.37,0.00,-0.00,0,1,0,0
861.53,0.00,-0.00,0,1,0,0
866.68,0.00,-0.00,0,1,0,0
871.83,0.00,-0.00,0,1,0,0
876.99,0.00,-0.00,0,1,0,0
882.14,0.00,-0.00,0,1,0,0
887.29,0.00,-0.00,0,1,0,0
892.43,0.00,-0.00,0,1,0,0
897.59,0.00,-0.00,0,1,0,0
902.73,0.00,-0.00,0,1,0,0
907.88,0.00,-0.00,0,1,0,0
913.04,0.00,-0.00,0,1,0,0
918.21,0.00,-0.00,0,1,0,0
923.35,0.00,-0.00,0,1,0,0
928.50,0.00,-0.00,0,1,0,0
933.65,0.00,-0.00,0,1,0,0
938.80,0.00,-0.00,0,1,0,0
943.96,0.00,-0.00,0,1,0,0
949.10,0.00,-0.00,0,1,0,0
954.25,0.00,-0.00,0,1,0,0
959.40,0.00,-0.00,0,1,0,0
964.55,0.00,-0.00,0,1,0,0
969.70,0.00,-0.00,0,1,0,0
974.86,0.00,-0.00,0,1,0,0
980.01,0.00,-0.00,0,1,0,0
985.16,0.00,-0.00,0,1,0,0
990.31,0.00,-0.00,0,1,0,0
995.46,0.00,-0.00,0,1,0,0
1000.61,0.00,-0.00,0,1,0,0
1005.76,0.00,-0.00,0,1,0,0
1010.91,0.00,-0.00,0,1,0,0
1016.06,0.00,-0.00,0,1,0,0
1021.21,0.00,-0.00,0,1,0,0
1026.37,0.00,-0.00,0,1,0,0
1031.53,0.00,-0.00,0,1,0,0
1036.68,0.00,-0.00,0,1,0,0
1041.83,0.00,-0.00,0,1,0,0
1046.97,0.00,-0.00,0,1,0,0
1052.13,0.00,-0.00,0,1,0,0
1057.27,0.00,-0.00,0,1,0,0
1062.43,0.00,-0.00,0,1,0,0
1067.58,0.00,-0.00,0,1,0,0
1072.73,0.00,-0.00,0,1,0,0
1077.87,0.00,-0.00,0,1,0,0
1083.02,0.00,-0.00,0,1,0,0
1088.18,0.00,-0.00,0,1,0,0
1093.34,0.00,-0.00,0,1,0,0
1098.49,0.00,-0.00,0,1,0,0
1103.64,0.00,-0.00,0,1,0,0
1108.79,0.00,-0.00,0,1,0,0
1113.94,0.00,-0.00,0,1,0,0
1119.09,0.00,-0.00,0,1,0,0
1124.24,0.00,-0.00,0,1,0,0
1129.39,0.00,-0.00,0,1,0,0
1134.54,0.00,-0.00,0,1,0,0
1139.69,0.00,-0.00,0,1,0,0
1144.84,0.00,-0.00,0,1,0,0
1150.00,0.00,-0.00,0,1,0,0
1155.15,0.00,-0.00,0,1,0,0
1160.30,0.00,-0.00,0,1,0,0
1165.45,0.00,-0.00,0,1,0,0
1170.60,0.00,-0.00,0,1,0,0
1175.75,0.00,-0.00,0,1,0,0
1180.90,0.00,-0.00,0,1,0,0
1186.05,0.00,-0.00,0,1,0,0
1191.20,0.00,-0.00,0,1,0,0
1196.35,0.00,-0.00,0,1,0,0
1201.49,0.00,-0.00,0,1,0,0
1206.65,0.00,-0.00,0,1,0,0
1211.80,0.00,-0.00,0,1,0,0
1216.95,0.00,-0.00,0,1,0,0
1222.10,0.00,-0.00,0,1,0,0
1227.25,0.00,-0.00,0,1,0,0
1232.40,0.00,-0.00,0,1,0,0
1237.56,0.00,-0.00,0,1,0,0
1242.71,0.00,-0.00,0,1,0,0
1247.86,0.00,-0.00,0,1,0,0
1253.02,0.00,-0.00,0,1,0,0
1258.17,0.00,-0.00,0,1,0,0
1263.32,0.00,-0.00,0,1,0,0
1268.47,0.00,-0.00,0,1,0,0
1273.62,0.00,-0.00,0,1,0,0
1278.77,0.00,-0.00,0,1,0,0
1283.93,0.00,-0.00,0,1,0,0
1289.08,0.00,-0.00,0,1,0,0
1294.23,0.00,-0.00,0,1,0,0
1299.38,0.00,-0.00,0,1,0,0
1304.53,0.00,-0.00,0,1,0,0
1309.68,0.00,-0.00,0,1,0,0
1314.86,0.00,-0.00,0,1,0,0
1320.01,0.00,-0.00,0,1,0,0
1325.17,0.00,-0.00,0,1,0,0
1330.31,0.00,-0.00,0,1,0,0
1335.46,0.00,-0.00,0,1,0,0
1340.61,0.00,-0.00,0,1,0,0
1345.76,0.00,-0.00,0,1,0,0
1350.92,0.00,-0.00,0,1,0,0
1356.08,0.00,-0.00,0,1,0,0
1361.24,0.00,-0.00,0,1,0,0
1366.39,0.00,-0.00,0,1,0,0
1371.55,0.00,-0.00,0,1,0,0
1376.69,0.00,-0.00,0,1,0,0
1381.84,0.00,-0.00,0,1,0,0
1387.01,0.00,-0.00,0,1,0,0
1392.10,0.00,-0.00,0,1,0,0
1397.25,-0.24,-48.00,0,1,0,0
1402.33,-0.24,-0.00,0,1,0,0
1407.48,-0.24,-0.00,0,1,0,0
1412.57,-0.24,-0.00,0,1,0,0
1417.71,-0.48,-48.00,0,1,0,0
1422.85,-0.48,-0.00,0,1,0,0
1427.99,-0.72,-48.00,0,1,0,0
1433.13,-0.96,-48.00,0,1,0,0
1438.33,-0.96,-0.00,0,1,0,0
1443.48,-1.20,-48.00,0,1,0,0
1448.62,-1.44,-48.00,0,1,0,0
1453.77,-1.68,-48.00,0,1,0,0
1458.92,-1.92,-48.00,0,1,0,0
1464.06,-2.16,-48.00,0,1,0,0
1469.21,-2.40,-48.00,0,1,0,0
1474.36,-2.64,-48.00,0,1,0,0
1479.51,-2.88,-48.00,0,1,0,0
1484.65,-3.12,-48.00,0,1,0,0
1489.80,-3.60,-96.00,0,1,0,0
1494.94,-3.84,-48.00,0,1,0,0
1500.09,-4.08,-48.00,0,1,0,0
1505.24,-4.32,-48.00,0,1,0,0
1510.39,-4.56,-48.00,0,1,0,0
1515.55,-4.80,-48.00,0,1,0,0
1520.70,-5.28,-96.00,0,1,0,0
1525.84,-5.52,-48.00,0,1,0,0
1530.99,-5.76,-48.00,0,1,0,0
1536.14,-6.00,-48.00,0,1,0,0
1541.29,-6.24,-48.00,0,1,0,0
1546.43,-6.72,-96.00,0,1,0,0
1551.58,-6.96,-48.00,0,1,0,0
1556.73,-7.20,-48.00,0,1,0,0
1561.88,-7.68,-96.00,0,1,0,0
1567.02,-7.92,-48.00,0,1,0,0
1572.17,-8.40,-96.00,0,1,0,0
1577.32,-8.64,-48.00,0,1,0,0
1582.47,-9.12,-96.00,0,1,0,0
1587.69,-9.36,-48.00,0,1,0,0
1592.84,-9.84,-96.00,0,1,0,0
1597.99,-10.08,-48.00,0,1,0,0
1603.14,-10.56,-96.00,0,1,0,0
1608.29,-11.04,-96.00,0,1,0,0
1613.44,-11.52,-96.00,0,1,0,0
1618.58,-11.76,-48.00,0,1,0,0
1623.73,-12.24,-96.00,0,1,0,0
1628.88,-12.72,-96.00,0,1,0,0
1634.03,-13.20,-96.00,0,1,0,0
1639.18,-13.68,-96.00,0,1,0,0
1644.33,-13.92,-48.00,0,1,0,0
1649.47,-14.40,-96.00,0,1,0,0
1654.62,-14.88,-96.00,0,1,0,0
1659.77,-15.36,-96.00,0,1,0,0
1664.92,-15.84,-96.00,0,1,0,0
1670.07,-16.32,-96.00,0,1,0,0
1675.21,-16.80,-96.00,0,1,0,0
1680.36,-17.28,-96.00,0,1,0,0
1685.51,-17.76,-96.00,0,1,0,0
1690.66,-18.24,-96.00,0,1,0,0
1695.81,-18.72,-96.00,0,1,0,0
1700.95,-19.20,-96.00,0,1,0,0
1706.10,-19.68,-96.00,0,1,0,0
1711.25,-20.16,-96.00,0,1,0,0
1716.41,-20.64,-96.00,0,1,0,0
1721.56,-21.12,-96.00,0,1,0,0
1726.71,-21.60,-96.00,0,1,0,0
1731.86,-22.08,-96.00,0,1,0,0
1737.01,-22.80,-144.00,0,1,0,0
1742.10,-23.28,-96.00,0,1,0,0
1747.25,-23.76,-96.00,0,1,0,0
1752.40,-24.24,-96.00,0,1,0,0
1757.54,-24.72,-96.00,0,1,0,0
1762.69,-25.20,-96.00,0,1,0,0
1767.84,-25.68,-96.00,0,1,0,0
1772.99,-26.40,-144.00,0,1,0,0
1778.14,-26.88,-96.00,0,1,0,0
1783.29,-27.36,-96.00,0,1,0,0
1788.43,-27.84,-96.00,0,1,0,0
1793.58,-28.32,-96.00,0,1,0,0
1798.73,-28.80,-96.00,0,1,0,0
1803.88,-29.28,-96.00,0,1,0,0
1809.03,-30.00,-144.00,0,1,0,0
1814.18,-30.48,-96.00,0,1,0,0
1819.33,-30.96,-96.00,0,1,0,0
1824.48,-31.44,-96.00,0,1,0,0
1829.63,-31.92,-96.00,0,1,0,0
1834.78,-32.40,-96.00,0,1,0,0
1839.92,-32.88,-96.00,0,1,0,0
1845.07,-33.36,-96.00,0,1,0,0
1850.22,-33.84,-96.00,0,1,0,0
1855.37,-34.32,-96.00,0,1,0,0
1860.51,-34.80,-96.00,0,1,0,0
1865.66,-35.28,-96.00,0,1,0,0
1870.81,-35.76,-96.00,0,1,0,0
1875.96,-36.24,-96.00,0,1,0,0
1881.11,-36.72,-96.00,0,1,0,0
1886.26,-37.20,-96.00,0,1,0,0
1891.40,-37.68,-96.00,0,1,0,0
1896.55,-38.40,-144.00,0,1,0,0
1901.70,-38.88,-96.00,0,1,0,0
1906.85,-39.36,-96.00,0,1,0,0
1912.00,-39.84,-96.00,0,1,0,0
1917.15,-40.32,-96.00,0,1,0,0
1922.30,-40.56,-48.00,0,1,0,0
1927.45,-41.04,-96.00,0,1,0,0
1932.60,-41.52,-96.00,0,1,0,0
1937.75,-42.00,-96.00,0,1,0,0
1942.89,-42.48,-96.00,0,1,0,0
1948.04,-42.96,-96.00,0,1,0,0
1953.19,-43.44,-96.00,0,1,0,0
1958.34,-43.92,-96.00,0,1,0,0
1963.48,-44.40,-96.00,0,1,0,0
1968.63,-44.88,-96.00,0,1,0,0
1973.78,-45.12,-48.00,0,1,0,0
1978.93,-45.60,-96.00,0,1,0,0
1984.08,-46.08,-96.00,0,1,0,0
1989.23,-46.32,-48.00,0,1,0,0
1994.38,-46.80,-96.00,0,1,0,0
1999.53,-47.28,-96.00,0,1,0,0
2004.68,-47.52,-48.00,0,1,0,0
2009.83,-48.00,-96.00,0,1,0,0
2014.95,-48.24,-48.00,0,1,0,0
2020.10,-48.72,-96.00,0,1,0,0
2025.25,-48.96,-48.00,0,1,0,0
2030.40,-49.44,-96.00,0,1,0,0
2035.55,-49.68,-48.00,0,1,0,0
2040.70,-50.16,-96.00,0,1,0,0
2045.85,-50.40,-48.00,0,1,0,0
2050.99,-50.64,-48.00,0,1,0,0
2056.14,-51.12,-96.00,0,1,0,0
2061.29,-51.36,-48.00,0,1,0,0
2066.44,-51.60,-48.00,0,1,0,0
2071.59,-51.84,-48.00,0,1,0,0
2076.68,-52.08,-48.00,0,1,0,0
2081.77,-52.32,-48.00,0,1,0,0
2086.92,-52.56,-48.00,0,1,0,0
2092.07,-52.80,-48.00,0,1,0,0
2097.22,-53.04,-48.00,0,1,0,0
2102.37,-53.28,-48.00,0,1,0,0
2107.51,-53.52,-48.00,0,1,0,0
2112.66,-53.76,-48.00,0,1,0,0
2117.83,-54.00,-48.00,0,1,0,0
2122.97,-54.24,-48.00,0,1,0,0
2128.14,-54.24,-0.00,0,1,0,0
2133.28,-54.48,-48.00,0,1,0,0
2138.44,-54.72,-48.00,0,1,0,0
2143.59,-54.72,-0.00,0,1,0,0
2148.74,-54.96,-48.00,0,1,0,0
2153.89,-55.20,-48.00,0,1,0,0
2159.04,-55.20,-0.00,0,1,0,0
2164.19,-55.44,-48.00,0,1,0,0
2169.34,-55.44,-0.00,0,1,0,0
2174.49,-55.68,-48.00,0,1,0,0
2179.64,-55.68,-0.00,0,1,0,0
2184.79,-55.68,-0.00,0,1,0,0
2189.93,-55.92,-48.00,0,1,0,0
2195.10,-55.92,-0.00,0,1,0,0
2200.26,-55.92,-0.00,0,1,0,0
2205.41,-56.16,-48.00,0,1,0,0
2210.57,-56.16,-0.00,0,1,0,0
2215.71,-56.16,-0.00,0,1,0,0
2220.88,-56.16,-0.00,0,1,0,0
2226.04,-56.16,-0.00,0,1,0,0
2231.19,-56.40,-48.00,0,1,0,0
2236.33,-56.40,-0.00,0,1,0,0
2241.48,-56.40,-0.00,0,1,0,0
2246.63,-56.40,-0.00,0,1,0,0
2251.78,-56.40,-0.00,0,1,0,0
2256.93,-56.40,-0.00,0,1,0,0
2262.08,-56.40,-0.00,0,1,0,0
2267.22,-56.40,-0.00,0,1,0,0
2272.37,-56.64,-48.00,0,1,0,0
2277.52,-56.64,-0.00,0,1,0,0
2282.68,-56.64,-0.00,0,1,0,0
2287.82,-56.64,-0.00,0,1,0,0
2293.05,-56.64,-0.00,0,1,0,0
2298.22,-56.64,-0.00,0,1,0,0
2303.37,-56.64,-0.00,0,1,0,0
2308.52,-56.64,-0.00,0,1,0,0
2313.67,-56.64,-0.00,0,1,0,0
2318.83,-56.64,-0.00,0,1,0,0
2323.98,-56.64,-0.00,0,1,0,0
2329.13,-56.64,-0.00,0,1,0,0
2334.28,-56.64,-0.00,0,1,0,0
2339.43,-56.64,-0.00,0,1,0,0
2344.58,-56.64,-0.00,0,1,0,0
2349.73,-56.64,-0.00,0,1,0,0
2354.88,-56.40,48.00,0,1,0,0
2360.03,-56.40,0.00,0,1,0,0
2365.18,-56.40,0.00,0,1,0,0
2370.34,-56.40,0.00,0,1,0,0
2375.49,-56.40,0.00,0,1,0,0
2380.63,-56.40,0.00,0,1,0,0
2385.79,-56.40,0.00,0,1,0,0
2390.94,-56.40,0.00,0,1,0,0
2396.09,-56.40,0.00,0,1,0,0
2401.23,-56.40,0.00,0,1,0,0
2406.32,-56.40,0.00,0,1,0,0
2411.47,-56.40,0.00,0,1,0,0
2416.61,-56.16,48.00,0,1,0,0
2421.66,-56.16,0.00,0,1,0,0
2426.80,-56.16,0.00,0,1,0,0
2431.89,-56.16,0.00,0,1,0,0
2437.03,-56.16,0.00,0,1,0,0
2442.18,-56.16,0.00,0,1,0,0
2447.32,-56.16,0.00,0,1,0,0
2452.47,-56.16,0.00,0,1,0,0
2457.61,-56.16,0.00,0,1,0,0
2462.75,-56.16,0.00,0,1,0,0
2467.89,-56.16,0.00,0,1,0,0
2473.04,-56.16,0.00,0,1,0,0
2478.19,-56.16,0.00,0,1,0,0
2483.34,-55.92,48.00,0,1,0,0
2488.48,-55.92,0.00,0,1,0,0
2493.62,-55.92,0.00,0,1,0,0
2498.77,-55.92,0.00,0,1,0,0
2503.91,-55.92,0.00,0,1,0,0
2509.06,-55.92,0.00,0,1,0,0
2514.20,-55.92,0.00,0,1,0,0
2519.36,-55.92,0.00,0,1,0,0
2524.50,-55.92,0.00,0,1,0,0
2529.65,-55.92,0.00,0,1,0,0
2534.79,-55.92,0.00,0,1,0,0
2539.94,-55.92,0.00,0,1,0,0
2545.08,-55.92,0.00,0,1,0,0
2550.22,-55.92,0.00,0,1,0,0
2555.37,-55.92,0.00,0,1,0,0
2560.51,-55.92,0.00,0,1,0,0
2565.66,-55.92,0.00,0,1,0,0
2570.80,-55.92,0.00,0,1,0,0
2575.95,-55.92,0.00,0,1,0,0
2581.09,-55.92,0.00,0,1,0,0
2586.24,-55.92,0.00,0,1,0,0
2591.38,-55.92,0.00,0,1,0,0
2596.52,-55.92,0.00,0,1,0,0
2601.67,-55.92,0.00,0,1,0,0
2606.81,-55.92,0.00,0,1,0,0
2611.96,-55.92,0.00,0,1,0,0
2617.10,-55.92,0.00,0,1,0,0
2622.25,-55.92,0.00,0,1,0,0
2627.39,-55.92,0.00,0,1,0,0
2632.53,-55.92,0.00,0,1,0,0
2637.68,-55.92,0.00,0,1,0,0
2642.82,-55.92,0.00,0,1,0,0
2647.97,-55.92,0.00,0,1,0,0
2653.11,-55.92,0.00,0,1,0,0
2658.25,-55.92,0.00,0,1,0,0
2663.40,-55.92,0.00,0,1,0,0
2668.54,-55.92,0.00,0,1,0,0
2673.69,-55.92,0.00,0,1,0,0
2678.83,-55.92,0.00,0,1,0,0
2683.98,-55.92,0.00,0,1,0,0
2689.12,-55.92,0.00,0,1,0,0
2694.27,-55.92,0.00,0,1,0,0
2699.41,-55.92,0.00,0,1,0,0
2704.55,-55.92,0.00,0,1,0,0
2709.70,-55.92,0.00,0,1,0,0
2714.84,-55.92,0.00,0,1,0,0
2720.01,-55.92,0.00,0,1,0,0
2725.16,-55.92,0.00,0,1,0,0
2730.30,-55.92,0.00,0,1,0,0
2735.45,-56.16,-48.00,0,1,0,0
2740.59,-56.16,-0.00,0,1,0,0
2745.74,-56.16,-0.00,0,1,0,0
2750.88,-56.16,-0.00,0,1,0,0
2756.02,-56.16,-0.00,0,1,0,0
2761.17,-56.16,-0.00,0,1,0,0
2766.31,-56.16,-0.00,0,1,0,0
2771.45,-56.16,-0.00,0,1,0,0
2776.60,-56.16,-0.00,0,1,0,0
2781.74,-56.16,-0.00,0,1,0,0
2786.89,-56.16,-0.00,0,1,0,0
2792.04,-56.16,-0.00,0,1,0,0
2797.18,-56.16,-0.00,0,1,0,0
2802.32,-56.16,-0.00,0,1,0,0
2807.47,-56.16,-0.00,0,1,0,0
2812.61,-56.16,-0.00,0,1,0,0
2817.76,-56.16,-0.00,0,1,0,0
2822.90,-56.16,-0.00,0,1,0,0
2828.05,-56.16,-0.00,0,1,0,0
2833.19,-56.16,-0.00,0,1,0,0
2838.27,-56.16,-0.00,0,1,0,0
2843.41,-56.16,-0.00,0,1,0,0
2848.55,-56.16,-0.00,0,1,0,0
2853.70,-56.16,-0.00,0,1,0,0
2858.84,-56.16,-0.00,0,1,0,0
2863.99,-56.16,-0.00,0,1,0,0
2869.13,-56.16,-0.00,0,1,0,0
2874.28,-56.16,-0.00,0,1,0,0
2879.42,-56.16,-0.00,0,1,0,0
2884.57,-56.16,-0.00,0,1,0,0
2889.71,-56.16,-0.00,0,1,0,0
2894.87,-56.16,-0.00,0,1,0,0
2900.02,-56.16,-0.00,0,1,0,0
2905.16,-56.16,-0.00,0,1,0,0
2910.31,-56.16,-0.00,0,1,0,0
2915.45,-56.16,-0.00,0,1,0,0
2920.61,-56.16,-0.00,0,1,0,0
2925.76,-56.16,-0.00,0,1,0,0
2930.91,-56.16,-0.00,0,1,0,0
2936.05,-56.16,-0.00,0,1,0,0
2941.20,-56.16,-0.00,0,1,0,0
2946.34,-56.16,-0.00,0,1,0,0
2951.49,-56.16,-0.00,0,1,0,0
2956.64,-56.16,-0.00,0,1,0,0
2961.78,-56.16,-0.00,0,1,0,0
2966.93,-56.16,-0.00,0,1,0,0
2972.08,-56.16,-0.00,0,1,0,0
2977.22,-56.16,-0.00,0,1,0,0
2982.37,-56.16,-0.00,0,1,0,0
2987.51,-56.16,-0.00,0,1,0,0
2992.66,-56.16,-0.00,0,1,0,0
2997.81,-56.16,-0.00,0,1,0,0
3002.95,-56.16,-0.00,0,1,0,0
3008.10,-56.16,-0.00,0,1,0,0
3013.24,-56.16,-0.00,0,1,0,0
3018.39,-56.16,-0.00,0,1,0,0
3023.54,-56.16,-0.00,0,1,0,0
3028.68,-56.16,-0.00,0,1,0,0
3033.90,-56.16,-0.00,0,1,0,0
3039.05,-56.16,-0.00,0,1,0,0
3044.20,-56.16,-0.00,0,1,0,0
3049.34,-56.16,-0.00,0,1,0,0
3054.49,-56.16,-0.00,0,1,0,0
3059.63,-56.16,-0.00,0,1,0,0
3064.78,-56.16,-0.00,0,1,0,0
3069.93,-56.16,-0.00,0,1,0,0
3075.07,-56.16,-0.00,0,1,0,0
3080.22,-56.16,-0.00,0,1,0,0
3085.36,-56.16,-0.00,0,1,0,0
3090.51,-56.16,-0.00,0,1,0,0
3095.66,-56.16,-0.00,0,1,0,0
3100.80,-56.16,-0.00,0,1,0,0
3105.95,-56.16,-0.00,0,1,0,0
3111.09,-56.16,-0.00,0,1,0,0
3116.24,-56.16,-0.00,0,1,0,0
3121.40,-56.16,-0.00,0,1,0,0
3126.54,-56.16,-0.00,0,1,0,0
3131.69,-56.16,-0.00,0,1,0,0
3136.84,-56.16,-0.00,0,1,0,0
3141.98,-56.16,-0.00,0,1,0,0
3147.13,-56.16,-0.00,0,1,0,0
3152.27,-56.16,-0.00,0,1,0,0
3157.42,-56.16,-0.00,0,1,0,0
3162.57,-56.16,-0.00,0,1,0,0
3167.71,-56.16,-0.00,0,1,0,0
3172.86,-56.16,-0.00,0,1,0,0
3178.01,-56.16,-0.00,0,1,0,0
3183.15,-56.16,-0.00,0,1,0,0
3188.37,-56.16,-0.00,0,1,0,0
3193.51,-56.16,-0.00,0,1,0,0
3198.66,-56.16,-0.00,0,1,0,0
3203.81,-56.16,-0.00,0,1,0,0
3208.95,-56.16,-0.00,0,1,0,0
3214.10,-56.16,-0.00,0,1,0,0
3219.25,-56.16,-0.00,0,1,0,0
3224.39,-56.16,-0.00,0,1,0,0
3229.54,-56.16,-0.00,0,1,0,0
3234.68,-56.16,-0.00,0,1,0,0
3239.83,-56.16,-0.00,0,1,0,0
3244.98,-56.16,-0.00,0,1,0,0
3250.13,-56.16,-0.00,0,1,0,0
3255.28,-56.16,-0.00,0,1,0,0
3260.42,-56.16,-0.00,0,1,0,0
3265.57,-56.16,-0.00,0,1,0,0
3270.71,-56.16,-0.00,0,1,0,0
3275.86,-56.16,-0.00,0,1,0,0
3281.01,-56.16,-0.00,0,1,0,0
3286.15,-56.16,-0.00,0,1,0,0
3291.30,-56.16,-0.00,0,1,0,0
3296.44,-56.16,-0.00,0,1,0,0
3301.59,-56.16,-0.00,0,1,0,0
3306.74,-56.16,-0.00,0,1,0,0
3311.88,-56.16,-0.00,0,1,0,0
3317.03,-56.16,-0.00,0,1,0,0
3322.19,-56.16,-0.00,0,1,0,0
3327.33,-56.16,-0.00,0,1,0,0
3332.48,-56.16,-0.00,0,1,0,0
3337.62,-56.16,-0.00,0,1,0,0
3342.77,-56.16,-0.00,0,1,0,0
3347.92,-56.16,-0.00,0,1,0,0
3353.06,-56.40,-48.00,0,1,0,0
3358.21,-56.40,-0.00,0,1,0,0
3363.36,-56.40,-0.00,0,1,0,0
3368.50,-56.40,-0.00,0,1,0,0
3373.65,-56.40,-0.00,0,1,0,0
3378.79,-56.40,-0.00,0,1,0,0
3383.94,-56.40,-0.00,0,1,0,0
3389.09,-56.40,-0.00,0,1,0,0
3394.23,-56.40,-0.00,0,1,0,0
3399.38,-56.40,-0.00,0,1,0,0
3404.53,-56.40,-0.00,0,1,0,0
3409.62,-56.40,-0.00,0,1,0,0
3414.77,-56.40,-0.00,0,1,0,0
3419.91,-56.40,-0.00,0,1,0,0
3424.99,-56.40,-0.00,0,1,0,0
3430.13,-56.40,-0.00,0,1,0,0
3435.22,-56.40,-0.00,0,1,0,0
3440.37,-56.64,-48.00,0,1,0,0
3445.45,-56.64,-0.00,0,1,0,0
3450.60,-56.64,-0.00,0,1,0,0
3455.68,-56.64,-0.00,0,1,0,0
3460.83,-56.64,-0.00,0,1,0,0
3465.91,-56.64,-0.00,0,1,0,0
3471.06,-56.64,-0.00,0,1,0,0
3476.20,-56.64,-0.00,0,1,0,0
3481.34,-56.64,-0.00,0,1,0,0
3486.49,-56.64,-0.00,0,1,0,0
3491.66,-56.64,-0.00,0,1,0,0
3496.80,-56.64,-0.00,0,1,0,0
3501.94,-56.64,-0.00,0,1,0,0
3507.08,-56.64,-0.00,0,1,0,0
3512.23,-56.64,-0.00,0,1,0,0
3517.37,-56.64,-0.00,0,1,0,0
3522.53,-56.64,-0.00,0,1,0,0
3527.68,-56.64,-0.00,0,1,0,0
3532.82,-56.64,-0.00,0,1,0,0
3537.96,-56.64,-0.00,0,1,0,0
3543.11,-56.64,-0.00,0,1,0,0
3548.25,-56.64,-0.00,0,1,0,0
3553.40,-56.64,-0.00,0,1,0,0
3558.54,-56.64,-0.00,0,1,0,0
3563.68,-56.64,-0.00,0,1,0,0
3568.83,-56.64,-0.00,0,1,0,0
3573.97,-56.64,-0.00,0,1,0,0
3579.12,-56.64,-0.00,0,1,0,0
3584.26,-56.64,-0.00,0,1,0,0
3589.41,-56.64,-0.00,0,1,0,0
3594.55,-56.64,-0.00,0,1,0,0
3599.69,-56.64,-0.00,0,1,0,0
3604.84,-56.40,48.00,0,1,0,0
3609.99,-56.40,0.00,0,1,0,0
3615.14,-56.40,0.00,0,1,0,0
3620.28,-56.40,0.00,0,1,0,0
3625.42,-56.40,0.00,0,1,0,0
3630.57,-56.40,0.00,0,1,0,0
3635.71,-56.40,0.00,0,1,0,0
3640.86,-56.40,0.00,0,1,0,0
3646.00,-56.40,0.00,0,1,0,0
3651.14,-56.40,0.00,0,1,0,0
3656.29,-56.16,48.00,0,1,0,0
3661.43,-56.16,0.00,0,1,0,0
3666.58,-56.16,0.00,0,1,0,0
3671.72,-56.16,0.00,0,1,0,0
3676.86,-56.16,0.00,0,1,0,0
3682.01,-55.92,48.00,0,1,0,0
3687.15,-55.92,0.00,0,1,0,0
3692.30,-55.92,0.00,0,1,0,0
3697.44,-55.92,0.00,0,1,0,0
3702.59,-55.68,48.00,0,1,0,0
3707.73,-55.68,0.00,0,1,0,0
3712.88,-55.68,0.00,0,1,0,0
3718.02,-55.44,48.00,0,1,0,0
3723.18,-55.44,0.00,0,1,0,0
3728.32,-55.44,0.00,0,1,0,0
3733.46,-55.20,48.00,0,1,0,0
3738.61,-55.20,0.00,0,1,0,0
3743.75,-55.20,0.00,0,1,0,0
3748.90,-54.96,48.00,0,1,0,0
3754.04,-54.96,0.00,0,1,0,0
3759.19,-54.72,48.00,0,1,0,0
3764.40,-54.72,0.00,0,1,0,0
3769.55,-54.48,48.00,0,1,0,0
3774.69,-54.48,0.00,0,1,0,0
3779.84,-54.24,48.00,0,1,0,0
3784.98,-54.24,0.00,0,1,0,0
3790.12,-54.00,48.00,0,1,0,0
3795.27,-54.00,0.00,0,1,0,0
3800.41,-53.76,48.00,0,1,0,0
3805.56,-53.76,0.00,0,1,0,0
3810.71,-53.52,48.00,0,1,0,0
3815.85,-53.52,0.00,0,1,0,0
3821.00,-53.28,48.00,0,1,0,0
3826.15,-53.28,0.00,0,1,0,0
3831.29,-53.04,48.00,0,1,0,0
3836.44,-53.04,0.00,0,1,0,0
3841.59,-52.80,48.00,0,1,0,0
3846.73,-52.80,0.00,0,1,0,0
3851.88,-52.56,48.00,0,1,0,0
3857.02,-52.32,48.00,0,1,0,0
3862.17,-52.32,0.00,0,1,0,0
3867.32,-52.08,48.00,0,1,0,0
3872.46,-52.08,0.00,0,1,0,0
3877.61,-51.84,48.00,0,1,0,0
3882.76,-51.60,48.00,0,1,0,0
3887.90,-51.60,0.00,0,1,0,0
3893.05,-51.36,48.00,0,1,0,0
3898.21,-51.12,48.00,0,1,0,0
3903.35,-50.88,48.00,0,1,0,0
3908.50,-50.88,0.00,0,1,0,0
3913.65,-50.64,48.00,0,1,0,0
3918.79,-50.40,48.00,0,1,0,0
3923.95,-50.40,0.00,0,1,0,0
3929.05,-50.16,48.00,0,1,0,0
3934.19,-49.92,48.00,0,1,0,0
3939.34,-49.92,0.00,0,1,0,0
3944.48,-49.68,48.00,0,1,0,0
3949.63,-49.44,48.00,0,1,0,0
3954.78,-49.44,0.00,0,1,0,0
3959.92,-49.20,48.00,0,1,0,0
3965.07,-48.96,48.00,0,1,0,0
3970.22,-48.96,0.00,0,1,0,0
3975.36,-48.72,48.00,0,1,0,0
3980.51,-48.48,48.00,0,1,0,0
3985.66,-48.48,0.00,0,1,0,0
3990.80,-48.24,48.00,0,1,0,0
3995.95,-48.24,0.00,0,1,0,0
4001.09,-48.00,48.00,0,1,0,0
4006.24,-48.00,0.00,0,1,0,0
4011.39,-47.76,48.00,0,1,0,0
4016.53,-47.76,0.00,0,1,0,0
4021.68,-47.52,48.00,0,1,0,0
4026.83,-47.52,0.00,0,1,0,0
4031.97,-47.28,48.00,0,1,0,0
4037.12,-47.28,0.00,0,1,0,0
4042.27,-47.04,48.00,0,1,0,0
4047.41,-47.04,0.00,0,1,0,0
4052.56,-47.04,0.00,0,1,0,0
4057.70,-46.80,48.00,0,1,0,0
4062.85,-46.80,0.00,0,1,0,0
4068.00,-46.80,0.00,0,1,0,0
4073.14,-46.56,48.00,0,1,0,0
4078.29,-46.56,0.00,0,1,0,0
4083.44,-46.56,0.00,0,1,0,0
4088.58,-46.56,0.00,0,1,0,0
4093.73,-46.32,48.00,0,1,0,0
4098.88,-46.32,0.00,0,1,0,0
4104.02,-46.32,0.00,0,1,0,0
4109.17,-46.32,0.00,0,1,0,0
4114.31,-46.32,0.00,0,1,0,0
4119.46,-46.32,0.00,0,1,0,0
4124.61,-46.32,0.00,0,1,0,0
4129.75,-46.32,0.00,0,1,0,0
4134.90,-46.32,0.00,0,1,0,0
4140.05,-46.32,0.00,0,1,0,0
4145.19,-46.32,0.00,0,1,0,0
4150.34,-46.32,0.00,0,1,0,0
4155.49,-46.32,0.00,0,1,0,0
4160.63,-46.32,0.00,0,1,0,0
4165.78,-46.32,0.00,0,1,0,0
4170.93,-46.32,0.00,0,1,0,0
4176.07,-46.32,0.00,0,1,0,0
4181.22,-46.32,0.00,0,1,0,0
4186.36,-46.32,0.00,0,1,0,0
4191.51,-46.32,0.00,0,1,0,0
4196.67,-46.32,0.00,0,1,0,0
4201.81,-46.32,0.00,0,1,0,0
4206.96,-46.32,0.00,0,1,0,0
4212.10,-46.32,0.00,0,1,0,0
4217.25,-46.32,0.00,0,1,0,0
4222.40,-46.56,-48.00,0,1,0,0
4227.54,-46.56,-0.00,0,1,0,0
4232.69,-46.56,-0.00,0,1,0,0
4237.84,-46.56,-0.00,0,1,0,0
4242.98,-46.56,-0.00,0,1,0,0
4248.13,-46.56,-0.00,0,1,0,0
4253.27,-46.56,-0.00,0,1,0,0
4258.42,-46.56,-0.00,0,1,0,0
4263.56,-46.56,-0.00,0,1,0,0
4268.71,-46.56,-0.00,0,1,0,0
4273.86,-46.56,-0.00,0,1,0,0
4279.00,-46.56,-0.00,0,1,0,0
4284.15,-46.56,-0.00,0,1,0,0
4289.30,-46.56,-0.00,0,1,0,0
4294.44,-46.56,-0.00,0,1,0,0
4299.59,-46.56,-0.00,0,1,0,0
4304.73,-46.56,-0.00,0,1,0,0
4309.88,-46.56,-0.00,0,1,0,0
4315.03,-46.56,-0.00,0,1,0,0
4320.17,-46.56,-0.00,0,1,0,0
4325.33,-46.56,-0.00,0,1,0,0
4330.48,-46.56,-0.00,0,1,0,0
4335.62,-46.56,-0.00,0,1,0,0
4340.77,-46.56,-0.00,0,1,0,0
4345.92,-46.56,-0.00,0,1,0,0
4351.06,-46.56,-0.00,0,1,0,0
4356.21,-46.56,-0.00,0,1,0,0
4361.36,-46.56,-0.00,0,1,0,0
4366.50,-46.56,-0.00,0,1,0,0
4371.65,-46.56,-0.00,0,1,0,0
4376.79,-46.56,-0.00,0,1,0,0
4381.94,-46.56,-0.00,0,1,0,0
4387.09,-46.56,-0.00,0,1,0,0
4392.23,-46.56,-0.00,0,1,0,0
4397.38,-46.56,-0.00,0,1,0,0
4402.52,-46.56,-0.00,0,1,0,0
4407.67,-46.56,-0.00,0,1,0,0
4412.82,-46.56,-0.00,0,1,0,0
4417.97,-46.32,48.00,0,1,0,0
4423.05,-46.32,0.00,0,1,0,0
4428.13,-46.32,0.00,0,1,0,0
4433.20,-46.32,0.00,0,1,0,0
4438.26,-46.32,0.00,0,1,0,0
4443.32,-46.32,0.00,0,1,0,0
4448.39,-46.32,0.00,0,1,0,0
4453.45,-46.32,0.00,0,1,0,0
4458.51,-46.32,0.00,0,1,0,0
4463.57,-46.32,0.00,0,1,0,0
4468.62,-46.32,0.00,0,1,0,0
4473.68,-46.32,0.00,0,1,0,0
4478.74,-46.32,0.00,0,1,0,0
4483.81,-46.32,0.00,0,1,0,0
4488.87,-46.32,0.00,0,1,0,0
4493.93,-46.32,0.00,0,1,0,0
4499.03,-46.32,0.00,0,1,0,0
4504.10,-46.32,0.00,0,1,0,0
4509.15,-46.32,0.00,0,1,0,0
4514.22,-46.32,0.00,0,1,0,0
4519.28,-46.32,0.00,0,1,0,0
4524.34,-46.32,0.00,0,1,0,0
4529.40,-46.32,0.00,0,1,0,0
4534.46,-46.32,0.00,0,1,0,0
4539.52,-46.32,0.00,0,1,0,0
4544.59,-46.32,0.00,0,1,0,0
4549.64,-46.32,0.00,0,1,0,0
4554.71,-46.32,0.00,0,1,0,0
4559.77,-46.32,0.00,0,1,0,0
4564.83,-46.32,0.00,0,1,0,0
4569.89,-46.32,0.00,0,1,0,0
4574.95,-46.32,0.00,0,1,0,0
4580.01,-46.32,0.00,0,1,0,0
4585.07,-46.32,0.00,0,1,0,0
4590.13,-46.32,0.00,0,1,0,0
4595.19,-46.32,0.00,0,1,0,0
4600.25,-46.32,0.00,0,1,0,0
4605.31,-46.32,0.00,0,1,0,0
4610.37,-46.32,0.00,0,1,0,0
4615.43,-46.32,0.00,0,1,0,0
4620.49,-46.32,0.00,0,1,0,0
4625.55,-46.32,0.00,0,1,0,0
4630.61,-46.32,0.00,0,1,0,0
4635.68,-46.32,0.00,0,1,0,0
4640.73,-46.32,0.00,0,1,0,0
4645.80,-46.32,0.00,0,1,0,0
4650.86,-46.32,0.00,0,1,0,0
4655.92,-46.32,0.00,0,1,0,0
4660.98,-46.32,0.00,0,1,0,0
4666.04,-46.32,0.00,0,1,0,0
4671.10,-46.32,0.00,0,1,0,0
4676.16,-46.32,0.00,0,1,0,0
4681.22,-46.32,0.00,0,1,0,0
4686.28,-46.32,0.00,0,1,0,0
4691.35,-46.32,0.00,0,1,0,0
4696.41,-46.32,0.00,0,1,0,0
4701.47,-46.32,0.00,0,1,0,0
4706.53,-46.32,0.00,0,1,0,0
4711.59,-46.32,0.00,0,1,0,0
4716.65,-46.32,0.00,0,1,0,0
4721.71,-46.32,0.00,0,1,0,0
4726.77,-46.32,0.00,0,1,0,0
4731.83,-46.32,0.00,0,1,0,0
4736.90,-46.32,0.00,0,1,0,0
4741.95,-46.32,0.00,0,1,0,0
4747.02,-46.32,0.00,0,1,0,0
4752.08,-46.32,0.00,0,1,0,0
4757.14,-46.32,0.00,0,1,0,0
4762.20,-46.32,0.00,0,1,0,0
4767.26,-46.32,0.00,0,1,0,0
4772.32,-46.32,0.00,0,1,0,0
4777.38,-46.32,0.00,0,1,0,0
4782.44,-46.32,0.00,0,1,0,0
4787.51,-46.32,0.00,0,1,0,0
4792.56,-46.32,0.00,0,1,0,0
4797.63,-46.32,0.00,0,1,0,0
4802.69,-46.32,0.00,0,1,0,0
4807.75,-46.32,0.00,0,1,0,0
4812.81,-46.32,0.00,0,1,0,0
4817.87,-46.32,0.00,0,1,0,0
4822.93,-46.32,0.00,0,1,0,0
4827.99,-46.32,0.00,0,1,0,0
4833.05,-46.32,0.00,0,1,0,0
4838.11,-46.32,0.00,0,1,0,0
4843.17,-46.32,0.00,0,1,0,0
4848.23,-46.32,0.00,0,1,0,0
4853.29,-46.32,0.00,0,1,0,0
4858.35,-46.32,0.00,0,1,0,0
4863.41,-46.32,0.00,0,1,0,0
4868.47,-46.32,0.00,0,1,0,0
4873.53,-46.32,0.00,0,1,0,0
4878.59,-46.32,0.00,0,1,0,0
4883.65,-46.32,0.00,0,1,0,0
4888.71,-46.32,0.00,0,1,0,0
4893.77,-46.32,0.00,0,1,0,0
4898.84,-46.32,0.00,0,1,0,0
4903.90,-46.32,0.00,0,1,0,0
4908.96,-46.32,0.00,0,1,0,0
4914.02,-46.32,0.00,0,1,0,0
4919.08,-46.32,0.00,0,1,0,0
4924.14,-46.32,0.00,0,1,0,0
4929.20,-46.32,0.00,0,1,0,0
4934.26,-46.32,0.00,0,1,0,0
4939.32,-46.32,0.00,0,1,0,0
4944.38,-46.32,0.00,0,1,0,0
4949.45,-46.32,0.00,0,1,0,0
4954.51,-46.32,0.00,0,1,0,0
4959.57,-46.32,0.00,0,1,0,0
4964.63,-46.32,0.00,0,1,0,0
4969.69,-46.32,0.00,0,1,0,0
4974.75,-46.32,0.00,0,1,0,0
4979.81,-46.32,0.00,0,1,0,0
4984.87,-46.32,0.00,0,1,0,0
4989.94,-46.32,0.00,0,1,0,0
4994.99,-46.32,0.00,0,1,0,0
5000.06,-46.32,0.00,0,1,0,0
5005.12,-46.32,0.00,0,1,0,0
5010.18,-46.32,0.00,0,1,0,0
5015.24,-46.32,0.00,0,1,0,0
5020.30,-46.32,0.00,0,1,0,0
5025.36,-46.32,0.00,0,1,0,0
5030.42,-46.32,0.00,0,1,0,0
5035.48,-46.32,0.00,0,1,0,0
5040.54,-46.32,0.00,0,1,0,0
5045.60,-46.32,0.00,0,1,0,0
5050.66,-46.32,0.00,0,1,0,0
5055.73,-46.32,0.00,0,1,0,0
5060.79,-46.32,0.00,0,1,0,0
5065.85,-46.32,0.00,0,1,0,0
5070.91,-46.32,0.00,0,1,0,0
5075.97,-46.32,0.00,0,1,0,0
5081.03,-46.32,0.00,0,1,0,0
5086.09,-46.32,0.00,0,1,0,0
5091.15,-46.32,0.00,0,1,0,0
5096.21,-46.32,0.00,0,1,0,0
5101.28,-46.32,0.00,0,1,0,0
5106.34,-46.32,0.00,0,1,0,0
5111.40,-46.32,0.00,0,1,0,0
5116.46,-46.32,0.00,0,1,0,0
5121.52,-46.32,0.00,0,1,0,0
5126.58,-46.32,0.00,0,1,0,0
5131.64,-46.32,0.00,0,1,0,0
5136.70,-46.32,0.00,0,1,0,0
5141.76,-46.32,0.00,0,1,0,0
5146.82,-46.32,0.00,0,1,0,0
5151.88,-46.32,0.00,0,1,0,0
5156.94,-46.32,0.00,0,1,0,0
5162.01,-46.32,0.00,0,1,0,0
5167.06,-46.32,0.00,0,1,0,0
5172.13,-46.32,0.00,0,1,0,0
5177.19,-46.32,0.00,0,1,0,0
5182.25,-46.32,0.00,0,1,0,0
5187.31,-46.32,0.00,0,1,0,0
5192.37,-46.32,0.00,0,1,0,0
5197.43,-46.32,0.00,0,1,0,0
5202.49,-46.32,0.00,0,1,0,0
5207.55,-46.08,48.00,0,1,0,0
5212.61,-46.08,0.00,0,1,0,0
5217.68,-46.08,0.00,0,1,0,0
5222.74,-46.08,0.00,0,1,0,0
5227.80,-46.08,0.00,0,1,0,0
5232.86,-46.08,0.00,0,1,0,0
5237.92,-46.08,0.00,0,1,0,0
5243.01,-46.08,0.00,0,1,0,0
5248.07,-46.08,0.00,0,1,0,0
5253.13,-46.08,0.00,0,1,0,0
5258.19,-46.08,0.00,0,1,0,0
5263.26,-46.08,0.00,0,1,0,0
5268.31,-46.08,0.00,0,1,0,0
5273.38,-46.08,0.00,0,1,0,0
5278.44,-46.08,0.00,0,1,0,0
5283.50,-46.08,0.00,0,1,0,0
5288.56,-46.08,0.00,0,1,0,0
5293.62,-46.08,0.00,0,1,0,0
5298.68,-46.08,0.00,0,1,0,0
5303.74,-46.08,0.00,0,1,0,0
5308.80,-46.08,0.00,0,1,0,0
5313.86,-46.08,0.00,0,1,0,0
5318.93,-46.08,0.00,0,1,0,0
5323.99,-45.84,48.00,0,1,0,0
5329.05,-45.84,0.00,0,1,0,0
5334.11,-45.84,0.00,0,1,0,0
5339.17,-45.84,0.00,0,1,0,0
5344.23,-45.84,0.00,0,1,0,0
5349.29,-45.84,0.00,0,1,0,0
5354.35,-45.84,0.00,0,1,0,0
5359.41,-45.84,0.00,0,1,0,0
5364.48,-45.84,0.00,0,1,0,0
5369.53,-45.84,0.00,0,1,0,0
5374.60,-45.84,0.00,0,1,0,0
5379.66,-45.60,48.00,0,1,0,0
5384.72,-45.60,0.00,0,1,0,0
5389.78,-45.60,0.00,0,1,0,0
5394.84,-45.60,0.00,0,1,0,0
5399.90,-45.60,0.00,0,1,0,0
5404.96,-45.60,0.00,0,1,0,0
5410.02,-45.60,0.00,0,1,0,0
5415.08,-45.60,0.00,0,1,0,0
5420.14,-45.36,48.00,0,1,0,0
5425.20,-45.36,0.00,0,1,0,0
5430.26,-45.36,0.00,0,1,0,0
5435.55,-45.36,0.00,0,1,0,0
5440.83,-45.36,0.00,0,1,0,0
5446.07,-45.36,0.00,0,1,0,0
5451.31,-45.36,0.00,0,1,0,0
5456.47,-45.36,0.00,0,1,0,0
5461.74,-45.36,0.00,0,1,0,0
5467.00,-45.36,0.00,0,1,0,0
5472.15,-45.36,0.00,0,1,0,0
5477.40,-45.12,48.00,0,1,0,0
5482.54,-45.12,0.00,0,1,0,0
5487.80,-45.12,0.00,0,1,0,0
5492.94,-45.12,0.00,0,1,0,0
5498.22,-45.12,0.00,0,1,0,0
5503.45,-45.12,0.00,0,1,0,0
5508.60,-45.12,0.00,0,1,0,0
5513.83,-45.12,0.00,0,1,0,0
5518.97,-45.12,0.00,0,1,0,0
5524.21,-45.12,0.00,0,1,0,0
5529.44,-45.12,0.00,0,1,0,0
5534.73,-45.12,0.00,0,1,0,0
5540.09,-45.12,0.00,0,1,0,0
5545.23,-45.12,0.00,0,1,0,0
5550.48,-45.12,0.00,0,1,0,0
5555.63,-45.12,0.00,0,1,0,0
5560.88,-45.36,-48.00,0,1,0,0
5566.03,-45.36,-0.00,0,1,0,0
5571.28,-45.36,-0.00,0,1,0,0
5576.42,-45.36,-0.00,0,1,0,0
5581.68,-45.36,-0.00,0,1,0,0
5586.90,-45.60,-48.00,0,1,0,0
5592.04,-45.60,-0.00,0,1,0,0
5597.27,-45.60,-0.00,0,1,0,0
5602.44,-45.60,-0.00,0,1,0,0
5607.67,-45.84,-48.00,0,1,0,0
5612.83,-45.84,-0.00,0,1,0,0
5618.05,-45.84,-0.00,0,1,0,0
5623.31,-46.08,-48.00,0,1,0,0
5628.45,-46.08,-0.00,0,1,0,0
5633.70,-46.08,-0.00,0,1,0,0
5638.85,-46.32,-48.00,0,1,0,0
5644.10,-46.32,-0.00,0,1,0,0
5649.24,-46.56,-48.00,0,1,0,0
5654.49,-46.56,-0.00,0,1,0,0
5659.63,-46.56,-0.00,0,1,0,0
5664.90,-46.80,-48.00,0,1,0,0
5670.13,-46.80,-0.00,0,1,0,0
5675.27,-46.80,-0.00,0,1,0,0
5680.50,-47.04,-48.00,0,1,0,0
5685.67,-47.04,-0.00,0,1,0,0
5690.90,-47.28,-48.00,0,1,0,0
5696.06,-47.28,-0.00,0,1,0,0
5701.30,-47.28,-0.00,0,1,0,0
5706.46,-47.52,-48.00,0,1,0,0
5711.69,-47.52,-0.00,0,1,0,0
5716.94,-47.52,-0.00,0,1,0,0
5722.09,-47.76,-48.00,0,1,0,0
5727.34,-47.76,-0.00,0,1,0,0
5732.48,-48.00,-48.00,0,1,0,0
5737.74,-48.00,-0.00,0,1,0,0
5742.88,-48.00,-0.00,0,1,0,0
5748.13,-48.24,-48.00,0,1,0,0
5753.36,-48.24,-0.00,0,1,0,0
5758.50,-48.24,-0.00,0,1,0,0
5763.73,-48.24,-0.00,0,1,0,0
5768.90,-48.48,-48.00,0,1,0,0
5774.14,-48.48,-0.00,0,1,0,0
5779.31,-48.48,-0.00,0,1,0,0
5784.54,-48.72,-48.00,0,1,0,0
5789.70,-48.72,-0.00,0,1,0,0
5794.95,-48.72,-0.00,0,1,0,0
5800.21,-48.72,-0.00,0,1,0,0
5805.35,-48.96,-48.00,0,1,0,0
5810.61,-48.96,-0.00,0,1,0,0
5815.75,-48.96,-0.00,0,1,0,0
5821.00,-48.96,-0.00,0,1,0,0
5826.14,-49.20,-48.00,0,1,0,0
5831.39,-49.20,-0.00,0,1,0,0
5836.62,-49.20,-0.00,0,1,0,0
5841.76,-49.20,-0.00,0,1,0,0
5847.00,-49.20,-0.00,0,1,0,0
5852.16,-49.44,-48.00,0,1,0,0
5857.40,-49.44,-0.00,0,1,0,0
5862.56,-49.44,-0.00,0,1,0,0
5867.80,-49.44,-0.00,0,1,0,0
5872.96,-49.44,-0.00,0,1,0,0
5878.22,-49.44,-0.00,0,1,0,0
5883.47,-49.44,-0.00,0,1,0,0
5888.61,-49.44,-0.00,0,1,0,0
5893.87,-49.68,-48.00,0,1,0,0
5899.01,-49.68,-0.00,0,1,0,0
5904.26,-49.68,-0.00,0,1,0,0
5909.40,-49.68,-0.00,0,1,0,0
5914.65,-49.68,-0.00,0,1,0,0
5919.79,-49.68,-0.00,0,1,0,0
5925.04,-49.68,-0.00,0,1,0,0
5930.27,-49.68,-0.00,0,1,0,0
5935.44,-49.68,-0.00,0,1,0,0
5940.68,-49.68,-0.00,0,1,0,0
5945.84,-49.68,-0.00,0,1,0,0
5951.07,-49.68,-0.00,0,1,0,0
5956.24,-49.68,-0.00,0,1,0,0
5961.47,-49.68,-0.00,0,1,0,0
5966.73,-49.68,-0.00,0,1,0,0
5971.87,-49.68,-0.00,0,1,0,0
5977.19,-49.68,-0.00,0,1,0,0
5982.41,-49.68,-0.00,0,1,0,0
5987.73,-49.68,-0.00,0,1,0,0
5993.00,-49.68,-0.00,0,1,0,0
5998.31,-49.68,-0.00,0,1,0,0
6003.59,-49.68,-0.00,0,1,0,0
6008.90,-49.68,-0.00,0,1,0,0
6014.18,-49.68,-0.00,0,1,0,0
6019.49,-49.68,-0.00,0,1,0,0
6024.76,-49.68,-0.00,0,1,0,0
6030.07,-49.68,-0.00,0,1,0,0
6035.35,-49.68,-0.00,0,1,0,0
6040.66,-49.68,-0.00,0,1,0,0
6045.94,-49.68,-0.00,0,1,0,0
6051.25,-49.68,-0.00,0,1,0,0
6056.54,-49.68,-0.00,0,1,0,0
6061.85,-49.68,-0.00,0,1,0,0
6067.13,-49.68,-0.00,0,1,0,0
6072.44,-49.68,-0.00,0,1,0,0
6077.72,-49.68,-0.00,0,1,0,0
6083.03,-49.68,-0.00,0,1,0,0
6088.31,-49.68,-0.00,0,1,0,0
6093.62,-49.68,-0.00,0,1,0,0
6098.90,-49.68,-0.00,0,1,0,0
6104.21,-49.68,-0.00,0,1,0,0
6109.49,-49.68,-0.00,0,1,0,0
6114.80,-49.68,-0.00,0,1,0,0
6120.07,-49.68,-0.00,0,1,0,0
6125.38,-49.68,-0.00,0,1,0,0
6130.66,-49.68,-0.00,0,1,0,0
6135.97,-49.68,-0.00,0,1,0,0
6141.25,-49.68,-0.00,0,1,0,0
6146.56,-49.68,-0.00,0,1,0,0
6151.84,-49.68,-0.00,0,1,0,0
6157.15,-49.68,-0.00,0,1,0,0
6162.44,-49.68,-0.00,0,1,0,0
6167.75,-49.68,-0.00,0,1,0,0
6173.03,-49.68,-0.00,0,1,0,0
6178.34,-49.68,-0.00,0,1,0,0
6183.62,-49.68,-0.00,0,1,0,0
6188.93,-49.68,-0.00,0,1,0,0
6194.21,-49.68,-0.00,0,1,0,0
6199.52,-49.68,-0.00,0,1,0,0
6204.79,-49.68,-0.00,0,1,0,0
6210.10,-49.68,-0.00,0,1,0,0
6215.38,-49.68,-0.00,0,1,0,0
6220.69,-49.68,-0.00,0,1,0,0
6225.97,-49.68,-0.00,0,1,0,0
6231.28,-49.68,-0.00,0,1,0,0
6236.56,-49.68,-0.00,0,1,0,0
6241.87,-49.68,-0.00,0,1,0,0
6247.15,-49.68,-0.00,0,1,0,0
6252.46,-49.68,-0.00,0,1,0,0
6257.74,-49.68,-0.00,0,1,0,0
6263.06,-49.68,-0.00,0,1,0,0
6268.34,-49.68,-0.00,0,1,0,0
6273.65,-49.68,-0.00,0,1,0,0
6278.93,-49.68,-0.00,0,1,0,0
6284.23,-49.68,-0.00,0,1,0,0
6289.52,-49.68,-0.00,0,1,0,0
6294.82,-49.68,-0.00,0,1,0,0
6300.10,-49.68,-0.00,0,1,0,0
6305.41,-49.68,-0.00,0,1,0,0
6310.69,-49.68,-0.00,0,1,0,0
6316.00,-49.68,-0.00,0,1,0,0
6321.28,-49.68,-0.00,0,1,0,0
6326.59,-49.68,-0.00,0,1,0,0
6331.87,-49.68,-0.00,0,1,0,0
6337.17,-49.68,-0.00,0,1,0,0
6342.45,-49.68,-0.00,0,1,0,0
6347.76,-49.68,-0.00,0,1,0,0
6353.05,-49.68,-0.00,0,1,0,0
6358.36,-49.68,-0.00,0,1,0,0
6363.65,-49.68,-0.00,0,1,0,0
6368.97,-49.68,-0.00,0,1,0,0
6374.25,-49.68,-0.00,0,1,0,0
6379.56,-49.68,-0.00,0,1,0,0
6384.84,-49.68,-0.00,0,1,0,0
6390.18,-49.68,-0.00,0,1,0,0
6395.45,-49.68,-0.00,0,1,0,0
6400.77,-49.68,-0.00,0,1,0,0
6406.04,-49.68,-0.00,0,1,0,0
6411.35,-49.68,-0.00,0,1,0,0
6416.64,-49.68,-0.00,0,1,0,0
6421.95,-49.68,-0.00,0,1,0,0
6427.23,-49.68,-0.00,0,1,0,0
6432.54,-49.68,-0.00,0,1,0,0
6437.81,-49.68,-0.00,0,1,0,0
6443.12,-49.44,48.00,0,1,0,0
6448.51,-49.44,0.00,0,1,0,0
6453.80,-49.44,0.00,0,1,0,0
6459.08,-49.44,0.00,0,1,0,0
6464.44,-49.44,0.00,0,1,0,0
6469.56,-49.44,0.00,0,1,0,0
6474.91,-49.44,0.00,0,1,0,0
6480.19,-49.44,0.00,0,1,0,0
6485.54,-49.44,0.00,0,1,0,0
6490.76,-49.44,0.00,0,1,0,0
6496.08,-49.44,0.00,0,1,0,0
6501.36,-49.44,0.00,0,1,0,0
6506.71,-49.44,0.00,0,1,0,0
6511.84,-49.44,0.00,0,1,0,0
6517.16,-49.44,0.00,0,1,0,0
6522.44,-49.44,0.00,0,1,0,0
6527.75,-49.44,0.00,0,1,0,0
6532.92,-49.44,0.00,0,1,0,0
6538.25,-49.44,0.00,0,1,0,0
6543.53,-49.44,0.00,0,1,0,0
6548.85,-49.44,0.00,0,1,0,0
6554.13,-49.44,0.00,0,1,0,0
6559.45,-49.44,0.00,0,1,0,0
6564.74,-49.44,0.00,0,1,0,0
6570.05,-49.44,0.00,0,1,0,0
6575.34,-49.44,0.00,0,1,0,0
6580.66,-49.44,0.00,0,1,0,0
6585.94,-49.44,0.00,0,1,0,0
6591.26,-49.44,0.00,0,1,0,0
6596.55,-49.44,0.00,0,1,0,0
6601.86,-49.44,0.00,0,1,0,0
6607.15,-49.44,0.00,0,1,0,0
6612.48,-49.44,0.00,0,1,0,0
6617.76,-49.44,0.00,0,1,0,0
6623.08,-49.44,0.00,0,1,0,0
6628.37,-49.44,0.00,0,1,0,0
6633.69,-49.44,0.00,0,1,0,0
6638.98,-49.44,0.00,0,1,0,0
6644.30,-49.44,0.00,0,1,0,0
6649.58,-49.44,0.00,0,1,0,0
6654.92,-49.44,0.00,0,1,0,0
6660.21,-49.44,0.00,0,1,0,0
6665.53,-49.44,0.00,0,1,0,0
6670.82,-49.44,0.00,0,1,0,0
6676.14,-49.44,0.00,0,1,0,0
6681.42,-49.44,0.00,0,1,0,0
6686.74,-49.44,0.00,0,1,0,0
6692.03,-49.44,0.00,0,1,0,0
6697.35,-49.44,0.00,0,1,0,0
6702.64,-49.44,0.00,0,1,0,0
6707.96,-49.44,0.00,0,1,0,0
6713.25,-49.44,0.00,0,1,0,0
6718.57,-49.44,0.00,0,1,0,0
6723.85,-49.44,0.00,0,1,0,0
6729.17,-49.44,0.00,0,1,0,0
6734.56,-49.44,0.00,0,1,0,0
6739.88,-49.44,0.00,0,1,0,0
6745.16,-49.44,0.00,0,1,0,0
6750.47,-49.44,0.00,0,1,0,0
6755.76,-49.44,0.00,0,1,0,0
6761.07,-49.44,0.00,0,1,0,0
6766.35,-49.44,0.00,0,1,0,0
6771.66,-49.44,0.00,0,1,0,0
6776.94,-49.44,0.00,0,1,0,0
6782.29,-49.44,0.00,0,1,0,0
6787.52,-49.44,0.00,0,1,0,0
6792.83,-49.44,0.00,0,1,0,0
6798.11,-49.44,0.00,0,1,0,0
6803.46,-49.44,0.00,0,1,0,0
6808.68,-49.44,0.00,0,1,0,0
6814.00,-49.44,0.00,0,1,0,0
6819.28,-49.44,0.00,0,1,0,0
6824.64,-49.44,0.00,0,1,0,0
6829.86,-49.44,0.00,0,1,0,0
6835.18,-49.44,0.00,0,1,0,0
6840.46,-49.44,0.00,0,1,0,0
6845.70,-49.44,0.00,0,1,0,0
6850.93,-49.44,0.00,0,1,0,0
6856.24,-49.44,0.00,0,1,0,0
6861.56,-49.44,0.00,0,1,0,0
6866.91,-49.44,0.00,0,1,0,0
6872.14,-49.44,0.00,0,1,0,0
6877.46,-49.44,0.00,0,1,0,0
6882.75,-49.44,0.00,0,1,0,0
6888.07,-49.44,0.00,0,1,0,0
6893.35,-49.44,0.00,0,1,0,0
6898.66,-49.68,-48.00,0,1,0,0
6903.95,-49.68,-0.00,0,1,0,0
6909.27,-49.68,-0.00,0,1,0,0
6914.56,-49.68,-0.00,0,1,0,0
6919.88,-49.68,-0.00,0,1,0,0
6925.17,-49.68,-0.00,0,1,0,0
6930.47,-49.68,-0.00,0,1,0,0
6935.76,-49.68,-0.00,0,1,0,0
6941.08,-49.68,-0.00,0,1,0,0
6946.37,-49.68,-0.00,0,1,0,0
6951.68,-49.68,-0.00,0,1,0,0
6956.95,-49.68,-0.00,0,1,0,0
6962.27,-49.92,-48.00,0,1,0,0
6967.55,-49.92,-0.00,0,1,0,0
6972.87,-49.92,-0.00,0,1,0,0
6978.14,-49.92,-0.00,0,1,0,0
6983.51,-49.92,-0.00,0,1,0,0
6988.73,-49.92,-0.00,0,1,0,0
6994.06,-49.92,-0.00,0,1,0,0
6999.35,-49.92,-0.00,0,1,0,0
7004.66,-49.92,-0.00,0,1,0,0
7009.95,-49.92,-0.00,0,1,0,0
7015.27,-49.92,-0.00,0,1,0,0
7020.56,-49.92,-0.00,0,1,0,0
7025.88,-50.16,-48.00,0,1,0,0
7031.17,-50.16,-0.00,0,1,0,0
7036.49,-50.16,-0.00,0,1,0,0
7041.78,-50.16,-0.00,0,1,0,0
7047.10,-50.16,-0.00,0,1,0,0
7052.39,-50.16,-0.00,0,1,0,0
7057.69,-50.16,-0.00,0,1,0,0
7062.97,-50.16,-0.00,0,1,0,0
7068.29,-50.16,-0.00,0,1,0,0
7073.57,-50.16,-0.00,0,1,0,0
7078.92,-50.16,-0.00,0,1,0,0
7084.15,-50.16,-0.00,0,1,0,0
7089.47,-50.16,-0.00,0,1,0,0
7094.75,-50.16,-0.00,0,1,0,0
7100.10,-50.16,-0.00,0,1,0,0
7105.32,-50.16,-0.00,0,1,0,0
7110.64,-50.16,-0.00,0,1,0,0
7115.92,-50.16,-0.00,0,1,0,0
7121.27,-50.16,-0.00,0,1,0,0
7126.50,-50.16,-0.00,0,1,0,0
7131.81,-50.16,-0.00,0,1,0,0
7137.09,-50.16,-0.00,0,1,0,0
7142.45,-50.16,-0.00,0,1,0,0
7147.67,-50.16,-0.00,0,1,0,0
7152.99,-50.16,-0.00,0,1,0,0
7158.27,-50.16,-0.00,0,1,0,0
7163.63,-50.16,-0.00,0,1,0,0
7168.85,-50.16,-0.00,0,1,0,0
7174.16,-50.16,-0.00,0,1,0,0
7179.44,-50.16,-0.00,0,1,0,0
7184.80,-50.16,-0.00,0,1,0,0
7190.02,-50.16,-0.00,0,1,0,0
7195.34,-50.16,-0.00,0,1,0,0
7200.62,-50.16,-0.00,0,1,0,0
7205.97,-50.16,-0.00,0,1,0,0
7211.20,-50.16,-0.00,0,1,0,0
7216.52,-50.16,-0.00,0,1,0,0
7221.80,-50.16,-0.00,0,1,0,0
7227.15,-50.16,-0.00,0,1,0,0
7232.37,-50.16,-0.00,0,1,0,0
7237.69,-50.16,-0.00,0,1,0,0
7242.97,-50.16,-0.00,0,1,0,0
7248.32,-50.16,-0.00,0,1,0,0
7253.55,-50.16,-0.00,0,1,0,0
7258.87,-50.16,-0.00,0,1,0,0
7264.15,-50.16,-0.00,0,1,0,0
7269.50,-50.16,-0.00,0,1,0,0
7274.73,-50.16,-0.00,0,1,0,0
7280.05,-50.16,-0.00,0,1,0,0
7285.33,-50.16,-0.00,0,1,0,0
7290.68,-50.16,-0.00,0,1,0,0
7295.91,-50.16,-0.00,0,1,0,0
7301.22,-50.16,-0.00,0,1,0,0
7306.51,-50.16,-0.00,0,1,0,0
7311.86,-50.16,-0.00,0,1,0,0
7317.08,-50.16,-0.00,0,1,0,0
7322.40,-50.16,-0.00,0,1,0,0
7327.68,-50.16,-0.00,0,1,0,0
7333.04,-50.16,-0.00,0,1,0,0
7338.26,-50.16,-0.00,0,1,0,0
7343.58,-50.16,-0.00,0,1,0,0
7348.86,-50.16,-0.00,0,1,0,0
7354.21,-50.16,-0.00,0,1,0,0
7359.44,-50.16,-0.00,0,1,0,0
7364.76,-50.16,-0.00,0,1,0,0
7370.04,-50.16,-0.00,0,1,0,0
7375.35,-50.16,-0.00,0,1,0,0
7380.63,-50.16,-0.00,0,1,0,0
7385.94,-50.16,-0.00,0,1,0,0
7391.22,-50.16,-0.00,0,1,0,0
7396.57,-50.16,-0.00,0,1,0,0
7401.79,-50.16,-0.00,0,1,0,0
7407.12,-50.16,-0.00,0,1,0,0
7412.41,-50.16,-0.00,0,1,0,0
7417.73,-50.16,-0.00,0,1,0,0
7423.02,-50.16,-0.00,0,1,0,0
7428.34,-50.16,-0.00,0,1,0,0
7433.63,-50.16,-0.00,0,1,0,0
7438.79,-50.16,-0.00,0,1,0,0
7444.08,-50.16,-0.00,0,1,0,0
7449.39,-50.16,-0.00,0,1,0,0
7454.69,-50.16,-0.00,0,1,0,0
7460.04,-50.16,-0.00,0,1,0,0
7465.27,-50.16,-0.00,0,1,0,0
7470.51,-50.16,-0.00,0,1,0,0
7475.73,-50.16,-0.00,0,1,0,0
7481.06,-50.16,-0.00,0,1,0,0
7486.44,-50.16,-0.00,0,1,0,0
7491.84,-50.16,-0.00,0,1,0,0
7497.06,-50.16,-0.00,0,1,0,0
7502.38,-50.16,-0.00,0,1,0,0
7507.67,-50.16,-0.00,0,1,0,0
7513.03,-50.16,-0.00,0,1,0,0
7518.25,-50.16,-0.00,0,1,0,0
7523.56,-50.16,-0.00,0,1,0,0
7528.84,-50.16,-0.00,0,1,0,0
7534.15,-50.16,-0.00,0,1,0,0
7539.43,-50.16,-0.00,0,1,0,0
7544.74,-50.16,-0.00,0,1,0,0
7550.02,-50.16,-0.00,0,1,0,0
7555.34,-50.16,-0.00,0,1,0,0
7560.62,-50.16,-0.00,0,1,0,0
7565.93,-50.16,-0.00,0,1,0,0
7571.21,-50.16,-0.00,0,1,0,0
7576.51,-50.16,-0.00,0,1,0,0
7581.79,-50.16,-0.00,0,1,0,0
7587.10,-50.16,-0.00,0,1,0,0
7592.38,-50.16,-0.00,0,1,0,0
7597.69,-50.16,-0.00,0,1,0,0
7602.97,-50.16,-0.00,0,1,0,0
7608.28,-50.16,-0.00,0,1,0,0
7613.56,-50.16,-0.00,0,1,0,0
7618.87,-50.16,-0.00,0,1,0,0
7624.15,-50.16,-0.00,0,1,0,0
7629.46,-50.16,-0.00,0,1,0,0
7634.74,-50.16,-0.00,0,1,0,0
7640.05,-50.16,-0.00,0,1,0,0
7645.33,-50.16,-0.00,0,1,0,0
7650.64,-50.16,-0.00,0,1,0,0
7655.92,-50.16,-0.00,0,1,0,0
7661.23,-50.16,-0.00,0,1,0,0
7666.51,-50.16,-0.00,0,1,0,0
7671.82,-50.16,-0.00,0,1,0,0
7677.10,-50.16,-0.00,0,1,0,0
7682.41,-50.16,-0.00,0,1,0,0
7687.68,-50.16,-0.00,0,1,0,0
7692.99,-50.16,-0.00,0,1,0,0
7698.27,-50.16,-0.00,0,1,0,0
7703.57,-50.16,-0.00,0,1,0,0
7708.85,-50.16,-0.00,0,1,0,0
7714.17,-50.16,-0.00,0,1,0,0
7719.45,-50.16,-0.00,0,1,0,0
7724.76,-50.16,-0.00,0,1,0,0
7730.03,-50.16,-0.00,0,1,0,0
7735.34,-50.16,-0.00,0,1,0,0
7740.62,-50.16,-0.00,0,1,0,0
7745.93,-50.16,-0.00,0,1,0,0
7751.21,-50.16,-0.00,0,1,0,0
7756.52,-50.16,-0.00,0,1,0,0
7761.80,-50.16,-0.00,0,1,0,0
7767.08,-50.16,-0.00,0,1,0,0
7772.36,-50.16,-0.00,0,1,0,0
7777.67,-50.16,-0.00,0,1,0,0
7782.94,-50.16,-0.00,0,1,0,0
7788.28,-50.16,-0.00,0,1,0,0
7793.56,-50.16,-0.00,0,1,0,0
7798.87,-50.16,-0.00,0,1,0,0
7804.15,-50.16,-0.00,0,1,0,0
7809.46,-50.16,-0.00,0,1,0,0
7814.74,-50.16,-0.00,0,1,0,0
7820.05,-50.16,-0.00,0,1,0,0
7825.33,-50.16,-0.00,0,1,0,0
7830.64,-50.16,-0.00,0,1,0,0
7835.92,-50.16,-0.00,0,1,0,0
7841.23,-50.16,-0.00,0,1,0,0
7846.51,-50.40,-48.00,0,1,0,0
7851.82,-50.40,-0.00,0,1,0,0
7857.11,-50.40,-0.00,0,1,0,0
7862.46,-50.40,-0.00,0,1,0,0
7867.68,-50.40,-0.00,0,1,0,0
7873.00,-50.40,-0.00,0,1,0,0
7878.28,-50.40,-0.00,0,1,0,0
7883.59,-50.40,-0.00,0,1,0,0
7888.86,-50.40,-0.00,0,1,0,0
7894.17,-50.40,-0.00,0,1,0,0
7899.45,-50.40,-0.00,0,1,0,0
7904.76,-50.40,-0.00,0,1,0,0
7910.04,-50.40,-0.00,0,1,0,0
7915.35,-50.40,-0.00,0,1,0,0
7920.63,-50.40,-0.00,0,1,0,0
7925.94,-50.40,-0.00,0,1,0,0
7931.22,-50.40,-0.00,0,1,0,0
7936.53,-50.40,-0.00,0,1,0,0
7941.81,-50.40,-0.00,0,1,0,0
7947.12,-50.40,-0.00,0,1,0,0
7952.40,-50.40,-0.00,0,1,0,0
7957.71,-50.40,-0.00,0,1,0,0
7962.99,-50.40,-0.00,0,1,0,0
7968.30,-50.40,-0.00,0,1,0,0
7973.57,-50.40,-0.00,0,1,0,0
7978.88,-50.40,-0.00,0,1,0,0
7984.16,-50.40,-0.00,0,1,0,0
7989.46,-50.40,-0.00,0,1,0,0
7994.74,-50.40,-0.00,0,1,0,0
8000.05,-50.40,-0.00,0,1,0,0
8005.33,-50.40,-0.00,0,1,0,0
8010.64,-50.40,-0.00,0,1,0,0
8015.91,-50.40,-0.00,0,1,0,0
8021.22,-50.40,-0.00,0,1,0,0
8026.50,-50.40,-0.00,0,1,0,0
8031.81,-50.40,-0.00,0,1,0,0
8037.09,-50.40,-0.00,0,1,0,0
8042.39,-50.40,-0.00,0,1,0,0
8047.67,-50.40,-0.00,0,1,0,0
8052.98,-50.40,-0.00,0,1,0,0
8058.26,-50.40,-0.00,0,1,0,0
8063.57,-50.40,-0.00,0,1,0,0
8068.85,-50.40,-0.00,0,1,0,0
8074.16,-50.40,-0.00,0,1,0,0
8079.44,-50.40,-0.00,0,1,0,0
8084.75,-50.40,-0.00,0,1,0,0
8090.02,-50.40,-0.00,0,1,0,0
8095.33,-50.40,-0.00,0,1,0,0
8100.61,-50.40,-0.00,0,1,0,0
8105.92,-50.40,-0.00,0,1,0,0
8111.20,-50.40,-0.00,0,1,0,0
8116.51,-50.40,-0.00,0,1,0,0
8121.79,-50.40,-0.00,0,1,0,0
8127.10,-50.40,-0.00,0,1,0,0
8132.38,-50.40,-0.00,0,1,0,0
8137.69,-50.40,-0.00,0,1,0,0
8142.97,-50.40,-0.00,0,1,0,0
8148.28,-50.40,-0.00,0,1,0,0
8153.56,-50.40,-0.00,0,1,0,0
8158.87,-50.40,-0.00,0,1,0,0
8164.15,-50.40,-0.00,0,1,0,0
8169.46,-50.40,-0.00,0,1,0,0
8174.73,-50.40,-0.00,0,1,0,0
8180.04,-50.40,-0.00,0,1,0,0
8185.32,-50.40,-0.00,0,1,0,0
8190.63,-50.40,-0.00,0,1,0,0
8195.90,-50.40,-0.00,0,1,0,0
8201.22,-50.40,-0.00,0,1,0,0
8206.49,-50.40,-0.00,0,1,0,0
8211.80,-50.40,-0.00,0,1,0,0
8217.08,-50.40,-0.00,0,1,0,0
8222.39,-50.40,-0.00,0,1,0,0
8227.67,-50.40,-0.00,0,1,0,0
8232.98,-50.40,-0.00,0,1,0,0
8238.37,-50.40,-0.00,0,1,0,0
8243.67,-50.40,-0.00,0,1,0,0
8248.95,-50.40,-0.00,0,1,0,0
8254.26,-50.40,-0.00,0,1,0,0
8259.54,-50.40,-0.00,0,1,0,0
8264.88,-50.40,-0.00,0,1,0,0
8270.16,-50.40,-0.00,0,1,0,0
8275.43,-50.40,-0.00,0,1,0,0
8280.71,-50.40,-0.00,0,1,0,0
8285.99,-50.40,-0.00,0,1,0,0
8291.26,-50.40,-0.00,0,1,0,0
8296.57,-50.40,-0.00,0,1,0,0
8301.85,-50.40,-0.00,0,1,0,0
8307.16,-50.40,-0.00,0,1,0,0
8312.44,-50.16,48.00,0,1,0,0
8317.75,-50.16,0.00,0,1,0,0
8323.02,-50.16,0.00,0,1,0,0
8328.33,-50.16,0.00,0,1,0,0
8333.61,-50.16,0.00,0,1,0,0
8338.92,-49.92,48.00,0,1,0,0
8344.20,-49.92,0.00,0,1,0,0
8349.51,-49.92,0.00,0,1,0,0
8354.79,-49.92,0.00,0,1,0,0
8360.10,-49.68,48.00,0,1,0,0
8365.38,-49.68,0.00,0,1,0,0
8370.66,-49.44,48.00,0,1,0,0
8375.93,-49.44,0.00,0,1,0,0
8381.21,-49.44,0.00,0,1,0,0
8386.49,-49.20,48.00,0,1,0,0
8391.76,-48.96,48.00,0,1,0,0
8397.04,-48.96,0.00,0,1,0,0
8402.32,-48.72,48.00,0,1,0,0
8407.60,-48.72,0.00,0,1,0,0
8412.91,-48.48,48.00,0,1,0,0
8418.27,-48.24,48.00,0,1,0,0
8423.55,-48.00,48.00,0,1,0,0
8428.83,-48.00,0.00,0,1,0,0
8434.14,-47.76,48.00,0,1,0,0
8439.42,-47.52,48.00,0,1,0,0
8444.73,-47.28,48.00,0,1,0,0
8450.02,-47.04,48.00,0,1,0,0
8455.33,-46.80,48.00,0,1,0,0
8460.60,-46.56,48.00,0,1,0,0
8465.92,-46.32,48.00,0,1,0,0
8471.19,-46.08,48.00,0,1,0,0
8476.47,-45.84,48.00,0,1,0,0
8481.75,-45.60,48.00,0,1,0,0
8487.12,-45.36,48.00,0,1,0,0
8492.34,-45.12,48.00,0,1,0,0
8497.66,-44.64,96.00,0,1,0,0
8502.94,-44.40,48.00,0,1,0,0
8508.42,-44.16,48.00,0,1,0,0
8513.66,-43.92,48.00,0,1,0,0
8518.79,-43.44,96.00,0,1,0,0
8524.03,-43.20,48.00,0,1,0,0
8529.17,-42.72,96.00,0,1,0,0
8534.40,-42.48,48.00,0,1,0,0
8539.56,-42.24,48.00,0,1,0,0
8544.79,-41.76,96.00,0,1,0,0
8550.05,-41.52,48.00,0,1,0,0
8555.19,-41.04,96.00,0,1,0,0
8560.42,-40.56,96.00,0,1,0,0
8565.57,-40.32,48.00,0,1,0,0
8570.82,-39.84,96.00,0,1,0,0
8575.96,-39.60,48.00,0,1,0,0
8581.21,-39.12,96.00,0,1,0,0
8586.35,-38.64,96.00,0,1,0,0
8591.61,-38.16,96.00,0,1,0,0
8596.85,-37.92,48.00,0,1,0,0
8601.99,-37.44,96.00,0,1,0,0
8607.22,-36.96,96.00,0,1,0,0
8612.38,-36.48,96.00,0,1,0,0
8617.61,-36.00,96.00,0,1,0,0
8622.78,-35.52,96.00,0,1,0,0
8628.01,-35.04,96.00,0,1,0,0
8633.17,-34.56,96.00,0,1,0,0
8638.36,-34.08,96.00,0,1,0,0
8643.61,-33.60,96.00,0,1,0,0
8648.76,-33.12,96.00,0,1,0,0
8654.01,-32.64,96.00,0,1,0,0
8659.16,-31.92,144.00,0,1,0,0
8664.41,-31.44,96.00,0,1,0,0
8669.55,-30.96,96.00,0,1,0,0
8674.80,-30.48,96.00,0,1,0,0
8680.04,-29.76,144.00,0,1,0,0
8685.17,-29.28,96.00,0,1,0,0
8690.41,-28.80,96.00,0,1,0,0
8695.55,-28.08,144.00,0,1,0,0
8700.78,-27.60,96.00,0,1,0,0
8705.92,-26.88,144.00,0,1,0,0
8711.16,-26.40,96.00,0,1,0,0
8716.32,-25.92,96.00,0,1,0,0
8721.57,-25.20,144.00,0,1,0,0
8726.80,-24.48,144.00,0,1,0,0
8731.94,-24.00,96.00,0,1,0,0
8737.20,-23.28,144.00,0,1,0,0
8742.34,-22.80,96.00,0,1,0,0
8747.59,-22.08,144.00,0,1,0,0
8752.73,-21.60,96.00,0,1,0,0
8757.99,-20.88,144.00,0,1,0,0
8763.13,-20.16,144.00,0,1,0,0
8768.38,-19.68,96.00,0,1,0,0
8773.61,-18.96,144.00,0,1,0,0
8778.76,-18.24,144.00,0,1,0,0
8783.99,-17.76,96.00,0,1,0,0
8789.16,-17.04,144.00,0,1,0,0
8794.39,-16.32,144.00,0,1,0,0
8799.55,-15.84,96.00,0,1,0,0
8804.79,-15.12,144.00,0,1,0,0
8810.04,-14.40,144.00,0,1,0,0
8815.19,-13.68,144.00,0,1,0,0
8820.44,-13.20,96.00,0,1,0,0
8825.58,-12.48,144.00,0,1,0,0
8830.84,-11.76,144.00,0,1,0,0
8835.99,-11.04,144.00,0,1,0,0
8841.24,-10.56,96.00,0,1,0,0
8846.39,-9.84,144.00,0,1,0,0
8851.65,-9.12,144.00,0,1,0,0
8856.88,-8.40,144.00,0,1,0,0
8862.02,-7.68,144.00,0,1,0,0
8867.25,-7.20,96.00,0,1,0,0
8872.42,-6.48,144.00,0,1,0,0
8877.65,-5.76,144.00,0,1,0,0
8882.79,-5.04,144.00,0,1,0,0
8888.02,-4.56,96.00,0,1,0,0
8893.18,-3.84,144.00,0,1,0,0
8898.35,-3.12,144.00,0,1,0,0
8903.60,-2.40,144.00,0,1,0,0
8908.75,-1.68,144.00,0,1,0,0
8914.00,-1.20,96.00,0,1,0,0
8919.15,-0.48,144.00,0,1,0,0
8924.40,0.24,144.00,0,1,0,0
8929.54,0.96,144.00,0,1,0,0
8934.81,1.68,144.00,1,0,1,0
8940.04,2.40,144.00,1,0,1,0
8945.19,2.88,96.00,1,0,1,0
8950.42,3.60,144.00,1,0,1,0
8955.57,4.32,144.00,1,0,1,0
8960.81,4.80,96.00,1,0,1,0
8965.99,5.52,144.00,1,0,1,0
8971.23,6.24,144.00,1,0,1,0
8976.56,6.96,144.00,1,0,1,0
8981.79,7.68,144.00,1,0,1,0
8987.11,8.16,96.00,1,0,1,0
8992.40,8.88,144.00,1,0,1,0
8997.72,9.60,144.00,1,0,1,0
9003.01,10.32,144.00,1,0,1,0
9008.33,10.80,96.00,1,0,1,0
9013.61,11.52,144.00,1,0,1,0
9018.91,12.24,144.00,1,0,1,0
9024.19,12.72,96.00,1,0,1,0
9029.51,13.44,144.00,1,0,1,0
9034.80,14.16,144.00,1,0,1,0
9040.12,14.88,144.00,1,0,1,0
9045.41,15.36,96.00,1,0,1,0
9050.74,16.08,144.00,1,0,1,0
9056.02,16.56,96.00,1,0,1,0
9061.34,17.28,144.00,1,0,1,0
9066.63,18.00,144.00,1,0,1,0
9071.95,18.48,96.00,1,0,1,0
9077.23,19.20,144.00,1,0,1,0
9082.56,19.68,96.00,1,0,1,0
9087.84,20.40,144.00,1,0,1,0
9093.16,20.88,96.00,1,0,1,0
9098.45,21.60,144.00,1,0,1,0
9103.76,22.08,96.00,1,0,1,0
9108.93,22.56,96.00,1,0,1,0
9114.25,23.28,144.00,1,0,1,0
9119.54,23.76,96.00,1,0,1,0
9124.88,24.48,144.00,1,0,1,0
9130.17,24.96,96.00,1,0,1,0
9135.49,25.44,96.00,1,0,1,0
9140.77,25.92,96.00,1,0,1,0
9146.06,26.64,144.00,1,0,1,0
9151.34,27.12,96.00,1,0,1,0
9156.66,27.60,96.00,1,0,1,0
9161.94,28.08,96.00,1,0,1,0
9167.26,28.56,96.00,1,0,1,0
9172.55,29.04,96.00,1,0,1,0
9177.87,29.52,96.00,1,0,1,0
9183.16,30.00,96.00,1,0,1,0
9188.45,30.72,144.00,1,0,1,0
9193.74,31.20,96.00,1,0,1,0
9199.06,31.44,48.00,1,0,1,0
9204.34,31.92,96.00,1,0,1,0
9209.66,32.40,96.00,1,0,1,0
9214.95,32.88,96.00,1,0,1,0
9220.26,33.36,96.00,1,0,1,0
9225.55,33.84,96.00,1,0,1,0
9230.85,34.08,48.00,1,0,1,0
9236.13,34.56,96.00,1,0,1,0
9241.45,35.04,96.00,1,0,1,0
9246.74,35.28,48.00,1,0,1,0
9252.06,35.76,96.00,1,0,1,0
9257.34,36.00,48.00,1,0,1,0
9262.66,36.48,96.00,1,0,1,0
9267.95,36.72,48.00,1,0,1,0
9273.27,37.20,96.00,1,0,1,0
9278.55,37.44,48.00,1,0,1,0
9283.84,37.92,96.00,1,0,1,0
9289.13,38.16,48.00,1,0,1,0
9294.45,38.40,48.00,1,0,0,1
9299.73,38.88,96.00,1,0,0,1
9305.05,39.12,48.00,1,0,0,1
9310.34,39.60,96.00,1,0,0,1
9315.66,39.84,48.00,1,0,0,1
9320.95,40.08,48.00,1,0,0,1
9326.26,40.56,96.00,1,0,0,1
9331.58,40.80,48.00,1,0,0,1
9336.90,41.04,48.00,1,0,0,1
9342.19,41.28,48.00,1,0,0,1
9347.51,41.52,48.00,1,0,0,1
9352.80,42.00,96.00,1,0,0,1
9358.12,42.24,48.00,1,0,0,1
9363.41,42.48,48.00,1,0,0,1
9368.72,42.72,48.00,1,0,0,1
9374.01,43.20,96.00,1,0,0,1
9379.33,43.44,48.00,1,0,0,1
9384.61,43.68,48.00,1,0,0,1
9389.93,43.92,48.00,1,0,0,1
9395.22,44.16,48.00,1,0,0,1
9400.53,44.40,48.00,1,0,0,1
9405.82,44.88,96.00,1,0,0,1
9411.14,45.12,48.00,1,0,0,1
9416.43,45.36,48.00,1,0,0,1
9421.83,45.60,48.00,1,0,0,1
9427.11,45.84,48.00,1,0,0,1
9432.40,46.08,48.00,1,0,0,1
9437.68,46.56,96.00,1,0,0,1
9442.97,46.80,48.00,1,0,0,1
9448.27,47.04,48.00,1,0,0,1
9453.59,47.28,48.00,1,0,0,1
9458.87,47.52,48.00,1,0,0,1
9464.19,47.76,48.00,1,0,0,1
9469.47,48.00,48.00,1,0,0,1
9474.78,48.24,48.00,1,0,0,1
9480.07,48.72,96.00,1,0,0,1
9485.39,48.96,48.00,1,0,0,1
9490.67,49.20,48.00,1,0,0,1
9496.03,49.44,48.00,1,0,0,1
9501.26,49.68,48.00,1,0,0,1
9506.59,49.92,48.00,1,0,0,1
9511.75,50.16,48.00,1,0,0,1
9517.11,50.40,48.00,1,0,0,1
9522.34,50.64,48.00,1,0,0,1
9527.67,50.88,48.00,1,0,0,1
9532.95,51.12,48.00,1,0,0,1
9538.32,51.36,48.00,1,0,0,1
9543.55,51.84,96.00,1,0,0,1
9548.88,52.08,48.00,1,0,0,1
9554.17,52.32,48.00,1,0,0,1
9559.53,52.56,48.00,1,0,0,1
9564.76,52.80,48.00,1,0,0,1
9570.09,53.04,48.00,1,0,0,1
9575.37,53.28,48.00,1,0,0,1
9580.73,53.52,48.00,1,0,0,1
9585.96,53.76,48.00,1,0,0,1
9591.29,54.00,48.00,1,0,0,1
9596.58,54.24,48.00,1,0,0,1
9601.94,54.48,48.00,1,0,0,1
9607.17,54.72,48.00,1,0,0,1
9612.50,54.96,48.00,1,0,0,1
9617.79,55.20,48.00,1,0,0,1
9623.16,55.44,48.00,1,0,0,1
9628.39,55.68,48.00,1,0,0,1
9633.72,55.92,48.00,1,0,0,1
9639.01,56.16,48.00,1,0,0,1
9644.33,56.40,48.00,1,0,0,1
9649.61,56.64,48.00,1,0,0,1
9655.00,56.88,48.00,1,0,0,1
9660.24,57.12,48.00,1,0,0,1
9665.57,57.12,0.00,1,0,0,1
9670.86,57.36,48.00,1,0,0,1
9676.18,57.60,48.00,1,0,0,1
9681.47,57.84,48.00,1,0,0,1
9686.79,58.08,48.00,1,0,0,1
9692.08,58.32,48.00,1,0,0,1
9697.40,58.56,48.00,1,0,0,1
9702.68,58.80,48.00,1,0,0,1
9708.00,59.04,48.00,1,0,0,1
9713.29,59.28,48.00,1,0,0,1
9718.62,59.28,0.00,1,0,0,1
9723.91,59.52,48.00,1,0,0,1
9729.23,59.76,48.00,1,0,0,1
9734.52,60.00,48.00,1,0,0,1
9739.88,60.24,48.00,1,0,0,1
9745.11,60.48,48.00,1,0,0,1
9750.47,60.72,48.00,1,0,0,1
9755.75,60.72,0.00,1,0,0,1
9761.07,60.96,48.00,1,0,0,1
9766.35,61.20,48.00,1,0,0,1
9771.67,61.44,48.00,1,0,0,1
9776.97,61.68,48.00,1,0,0,1
9782.29,61.68,0.00,1,0,0,1
9787.58,61.92,48.00,1,0,0,1
9792.91,62.16,48.00,1,0,0,1
9798.23,62.40,48.00,1,0,0,1
9803.52,62.64,48.00,1,0,0,1
9808.82,62.64,0.00,1,0,0,1
9814.14,62.88,48.00,1,0,0,1
9819.42,63.12,48.00,1,0,0,1
9824.66,63.36,48.00,1,0,0,1
9829.91,63.36,0.00,1,0,0,1
9835.22,63.60,48.00,1,0,0,1
9840.51,63.84,48.00,1,0,0,1
9845.84,63.84,0.00,1,0,0,1
9851.12,64.08,48.00,1,0,0,1
9856.44,64.32,48.00,1,0,0,1
9861.73,64.56,48.00,1,0,0,1
9867.11,64.56,0.00,1,0,0,1
9872.34,64.80,48.00,1,0,0,1
9877.67,65.04,48.00,1,0,0,1
9882.83,65.04,0.00,1,0,0,1
9888.10,65.28,48.00,1,0,0,1
9893.33,65.52,48.00,1,0,0,1
9898.58,65.52,0.00,1,0,0,1
9903.81,65.76,48.00,1,0,0,1
9909.12,66.00,48.00,1,0,0,1
9914.41,66.00,0.00,1,0,0,1
9919.77,66.24,48.00,1,0,0,1
9925.00,66.24,0.00,1,0,0,1
9930.32,66.48,48.00,1,0,0,1
9935.61,66.72,48.00,1,0,0,1
9940.97,66.72,0.00,1,0,0,1
9946.20,66.96,48.00,1,0,0,1
9951.56,66.96,0.00,1,0,0,1
9956.85,67.20,48.00,1,0,0,1
9962.08,67.44,48.00,1,0,0,1
9967.32,67.44,0.00,1,0,0,1
9972.63,67.68,48.00,1,0,0,1
9977.92,67.68,0.00,1,0,0,1
9983.28,67.92,48.00,1,0,0,1
9988.50,67.92,0.00,1,0,0,1
9993.83,68.16,48.00,1,0,0,1
9999.12,68.16,0.00,1,0,0,1
10004.49,68.40,48.00,1,0,0,1
10009.72,68.40,0.00,1,0,0,1
10015.05,68.64,48.00,1,0,0,1
10020.33,68.64,0.00,1,0,0,1
10025.70,68.88,48.00,1,0,0,1
10030.93,68.88,0.00,1,0,0,1
10036.26,69.12,48.00,1,0,0,1
10041.57,69.12,0.00,1,0,0,1
10046.94,69.36,48.00,1,0,0,1
10052.16,69.36,0.00,1,0,0,1
10057.49,69.60,48.00,1,0,0,1
10062.78,69.60,0.00,1,0,0,1
10068.14,69.60,0.00,1,0,0,1
10073.37,69.84,48.00,1,0,0,1
10078.70,69.84,0.00,1,0,0,1
10083.99,70.08,48.00,1,0,0,1
10089.35,70.08,0.00,1,0,0,1
10094.58,70.08,0.00,1,0,0,1
10099.91,70.32,48.00,1,0,0,1
10105.20,70.32,0.00,1,0,0,1
10110.56,70.56,48.00,1,0,0,1
10115.79,70.56,0.00,1,0,0,1
10121.12,70.56,0.00,1,0,0,1
10126.41,70.80,48.00,1,0,0,1
10131.77,70.80,0.00,1,0,0,1
10137.01,70.80,0.00,1,0,0,1
10142.33,71.04,48.00,1,0,0,1
10147.62,71.04,0.00,1,0,0,1
10152.99,71.04,0.00,1,0,0,1
10158.23,71.28,48.00,1,0,0,1
10163.56,71.28,0.00,1,0,0,1
10168.85,71.28,0.00,1,0,0,1
10174.21,71.52,48.00,1,0,0,1
10179.44,71.52,0.00,1,0,0,1
10184.77,71.52,0.00,1,0,0,1
10190.06,71.52,0.00,1,0,0,1
10195.42,71.76,48.00,1,0,0,1
10200.65,71.76,0.00,1,0,0,1
10205.98,71.76,0.00,1,0,0,1
10211.27,71.76,0.00,1,0,0,1
10216.50,72.00,48.00,1,0,0,1
10221.73,72.00,0.00,1,0,0,1
10227.05,72.00,0.00,1,0,0,1
10232.33,72.00,0.00,1,0,0,1
10237.71,72.00,0.00,1,0,0,1
10242.94,72.24,48.00,1,0,0,1
10248.31,72.24,0.00,1,0,0,1
10253.59,72.24,0.00,1,0,0,1
10258.91,72.24,0.00,1,0,0,1
10264.20,72.24,0.00,1,0,0,1
10269.52,72.24,0.00,1,0,0,1
10274.81,72.48,48.00,1,0,0,1
10280.14,72.48,0.00,1,0,0,1
10285.44,72.48,0.00,1,0,0,1
10290.76,72.48,0.00,1,0,0,1
10296.06,72.48,0.00,1,0,0,1
10301.39,72.48,0.00,1,0,0,1
10306.68,72.48,0.00,1,0,0,1
10312.00,72.48,0.00,1,0,0,1
10317.30,72.48,0.00,1,0,0,1
10322.63,72.48,0.00,1,0,0,1
10327.92,72.72,48.00,1,0,0,1
10333.25,72.72,0.00,1,0,0,1
10338.54,72.72,0.00,1,0,0,1
10343.86,72.72,0.00,1,0,0,1
10349.15,72.72,0.00,1,0,0,1
10354.47,72.72,0.00,1,0,0,1
10359.76,72.72,0.00,1,0,0,1
10365.09,72.72,0.00,1,0,0,1
10370.38,72.72,0.00,1,0,0,1
10375.71,72.72,0.00,1,0,0,1
10381.01,72.72,0.00,1,0,0,1
10386.34,72.72,0.00,1,0,0,1
10391.64,72.72,0.00,1,0,0,1
10396.97,72.72,0.00,1,0,0,1
10402.26,72.72,0.00,1,0,0,1
10407.59,72.72,0.00,1,0,0,1
10412.89,72.72,0.00,1,0,0,1
10418.24,72.72,0.00,1,0,0,1
