Time,Degree,Velocity,Electromagnet_Clutch_1,Electromagnet_Clutch_2,Electromagnet_Clutch_3,Electromagnet_Clutch_4
1.62,-0.24,-0.00,0,0,0,0
7.16,-0.24,-0.00,0,1,0,0
12.58,-0.24,-0.00,0,1,0,0
17.90,-0.24,-0.00,0,1,0,0
23.23,-0.24,-0.00,0,1,0,0
28.56,-0.24,-0.00,0,1,0,0
33.99,-0.24,-0.00,0,1,0,0
39.41,-0.24,-0.00,0,1,0,0
44.84,-0.24,-0.00,0,1,0,0
50.30,-0.24,-0.00,0,1,0,0
55.72,-0.24,-0.00,0,1,0,0
61.64,-0.24,-0.00,0,1,0,0
66.87,-0.24,-0.00,0,1,0,0
72.06,-0.24,-0.00,0,1,0,0
77.23,-0.24,-0.00,0,1,0,0
82.38,-0.24,-0.00,0,1,0,0
87.62,-0.24,-0.00,0,1,0,0
92.76,-0.24,-0.00,0,1,0,0
97.90,-0.24,-0.00,0,1,0,0
103.09,-0.24,-0.00,0,1,0,0
108.28,-0.24,-0.00,0,1,0,0
113.47,-0.24,-0.00,0,1,0,0
118.61,-0.24,-0.00,0,1,0,0
123.74,-0.24,-0.00,0,1,0,0
128.94,-0.24,-0.00,0,1,0,0
134.08,-0.24,-0.00,0,1,0,0
139.27,-0.24,-0.00,0,1,0,0
144.37,-0.24,-0.00,0,1,0,0
149.51,-0.24,-0.00,0,1,0,0
154.61,-0.24,-0.00,0,1,0,0
159.75,-0.24,-0.00,0,1,0,0
164.85,-0.24,-0.00,0,1,0,0
170.00,-0.24,-0.00,0,1,0,0
175.15,-0.24,-0.00,0,1,0,0
180.29,-0.24,-0.00,0,1,0,0
185.44,-0.24,-0.00,0,1,0,0
190.54,-0.24,-0.00,0,1,0,0
195.69,-0.24,-0.00,0,1,0,0
200.79,-0.24,-0.00,0,1,0,0
205.94,-0.24,-0.00,0,1,0,0
211.04,-0.24,-0.00,0,1,0,0
216.18,-0.24,-0.00,0,1,0,0
221.28,-0.24,-0.00,0,1,0,0
226.42,-0.24,-0.00,0,1,0,0
231.51,-0.24,-0.00,0,1,0,0
236.66,-0.24,-0.00,0,1,0,0
241.81,-0.24,-0.00,0,1,0,0
246.95,-0.24,-0.00,0,1,0,0
252.10,-0.24,-0.00,0,1,0,0
257.19,-0.24,-0.00,0,1,0,0
262.30,-0.24,-0.00,0,1,0,0
267.39,-0.24,-0.00,0,1,0,0
272.53,-0.24,-0.00,0,1,0,0
277.62,-0.24,-0.00,0,1,0,0
282.77,-0.24,-0.00,0,1,0,0
287.88,-0.24,-0.00,0,1,0,0
293.02,-0.24,-0.00,0,1,0,0
298.12,-0.24,-0.00,0,1,0,0
303.22,-0.24,-0.00,0,1,0,0
308.31,-0.24,-0.00,0,1,0,0
313.41,-0.24,-0.00,0,1,0,0
318.50,-0.24,-0.00,0,1,0,0
323.65,-0.24,-0.00,0,1,0,0
328.79,-0.24,-0.00,0,1,0,0
333.89,-0.24,-0.00,0,1,0,0
339.03,-0.24,-0.00,0,1,0,0
344.13,-0.24,-0.00,0,1,0,0
349.27,-0.24,-0.00,0,1,0,0
354.37,-0.24,-0.00,0,1,0,0
359.51,-0.24,-0.00,0,1,0,0
364.61,-0.24,-0.00,0,1,0,0
369.70,-0.24,-0.00,0,1,0,0
374.80,-0.24,-0.00,0,1,0,0
379.94,-0.24,-0.00,0,1,0,0
385.03,-0.24,-0.00,0,1,0,0
390.18,-0.24,-0.00,0,1,0,0
395.32,-0.24,-0.00,0,1,0,0
400.42,-0.24,-0.00,0,1,0,0
405.56,-0.24,-0.00,0,1,0,0
410.66,-0.24,-0.00,0,1,0,0
415.76,-0.24,-0.00,0,1,0,0
420.85,-0.24,-0.00,0,1,0,0
426.00,-0.24,-0.00,0,1,0,0
431.10,-0.24,-0.00,0,1,0,0
436.24,-0.24,-0.00,0,1,0,0
441.33,-0.24,-0.00,0,1,0,0
446.48,-0.24,-0.00,0,1,0,0
451.57,-0.24,-0.00,0,1,0,0
456.72,-0.24,-0.00,0,1,0,0
461.81,-0.24,-0.00,0,1,0,0
466.96,-0.24,-0.00,0,1,0,0
472.10,-0.24,-0.00,0,1,0,0
477.19,-0.24,-0.00,0,1,0,0
482.34,-0.24,-0.00,0,1,0,0
487.43,-0.24,-0.00,0,1,0,0
492.58,-0.24,-0.00,0,1,0,0
497.67,-0.24,-0.00,0,1,0,0
502.82,-0.24,-0.00,0,1,0,0
507.91,-0.24,-0.00,0,1,0,0
513.06,-0.24,-0.00,0,1,0,0
518.15,-0.24,-0.00,0,1,0,0
523.30,-0.24,-0.00,0,1,0,0
528.39,-0.24,-0.00,0,1,0,0
533.53,-0.24,-0.00,0,1,0,0
538.68,-0.24,-0.00,0,1,0,0
543.77,-0.24,-0.00,0,1,0,0
548.92,-0.24,-0.00,0,1,0,0
554.01,-0.24,-0.00,0,1,0,0
559.16,-0.24,-0.00,0,1,0,0
564.25,-0.24,-0.00,0,1,0,0
569.40,-0.24,-0.00,0,1,0,0
574.51,-0.24,-0.00,0,1,0,0
579.66,-0.24,-0.00,0,1,0,0
584.75,-0.24,-0.00,0,1,0,0
589.90,-0.24,-0.00,0,1,0,0
594.99,-0.24,-0.00,0,1,0,0
600.13,-0.24,-0.00,0,1,0,0
605.23,-0.24,-0.00,0,1,0,0
610.33,-0.24,-0.00,0,1,0,0
615.47,-0.24,-0.00,0,1,0,0
620.57,-0.24,-0.00,0,1,0,0
625.71,-0.24,-0.00,0,1,0,0
630.81,-0.24,-0.00,0,1,0,0
635.95,-0.24,-0.00,0,1,0,0
641.04,-0.24,-0.00,0,1,0,0
646.19,-0.24,-0.00,0,1,0,0
651.28,-0.24,-0.00,0,1,0,0
656.43,-0.24,-0.00,0,1,0,0
661.52,-0.24,-0.00,0,1,0,0
666.66,-0.24,-0.00,0,1,0,0
671.77,-0.24,-0.00,0,1,0,0
676.87,-0.24,-0.00,0,1,0,0
682.01,-0.24,-0.00,0,1,0,0
687.11,-0.24,-0.00,0,1,0,0
692.20,-0.24,-0.00,0,1,0,0
697.30,-0.24,-0.00,0,1,0,0
702.44,-0.24,-0.00,0,1,0,0
707.53,-0.24,-0.00,0,1,0,0
712.64,-0.24,-0.00,0,1,0,0
717.73,-0.24,-0.00,0,1,0,0
722.87,-0.24,-0.00,0,1,0,0
727.97,-0.24,-0.00,0,1,0,0
733.12,-0.24,-0.00,0,1,0,0
738.21,-0.24,-0.00,0,1,0,0
743.36,-0.24,-0.00,0,1,0,0
748.45,-0.24,-0.00,0,1,0,0
753.64,-0.24,-0.00,0,1,0,0
758.78,-0.24,-0.00,0,1,0,0
763.88,-0.24,-0.00,0,1,0,0
769.05,-0.24,-0.00,0,1,0,0
774.22,-0.24,-0.00,0,1,0,0
779.32,-0.24,-0.00,0,1,0,0
784.42,-0.24,-0.00,0,1,0,0
789.56,-0.24,-0.00,0,1,0,0
794.66,-0.24,-0.00,0,1,0,0
799.80,-0.24,-0.00,0,1,0,0
804.89,-0.24,-0.00,0,1,0,0
810.04,-0.24,-0.00,0,1,0,0
815.19,-0.24,-0.00,0,1,0,0
820.34,-0.24,-0.00,0,1,0,0
825.48,-0.24,-0.00,0,1,0,0
830.57,-0.24,-0.00,0,1,0,0
835.72,-0.24,-0.00,0,1,0,0
840.87,-0.24,-0.00,0,1,0,0
846.02,-0.24,-0.00,0,1,0,0
851.16,-0.24,-0.00,0,1,0,0
856.31,-0.24,-0.00,0,1,0,0
861.46,-0.24,-0.00,0,1,0,0
866.61,-0.24,-0.00,0,1,0,0
871.75,-0.24,-0.00,0,1,0,0
876.90,-0.24,-0.00,0,1,0,0
882.05,-0.24,-0.00,0,1,0,0
887.19,-0.24,-0.00,0,1,0,0
892.36,-0.24,-0.00,0,1,0,0
897.50,-0.24,-0.00,0,1,0,0
902.65,-0.24,-0.00,0,1,0,0
907.80,-0.24,-0.00,0,1,0,0
912.95,-0.24,-0.00,0,1,0,0
918.09,-0.24,-0.00,0,1,0,0
923.24,-0.24,-0.00,0,1,0,0
928.39,-0.24,-0.00,0,1,0,0
933.53,-0.24,-0.00,0,1,0,0
938.68,-0.24,-0.00,0,1,0,0
943.83,-0.24,-0.00,0,1,0,0
948.98,-0.24,-0.00,0,1,0,0
954.12,-0.24,-0.00,0,1,0,0
959.27,-0.24,-0.00,0,1,0,0
964.42,-0.24,-0.00,0,1,0,0
969.57,-0.24,-0.00,0,1,0,0
974.72,-0.24,-0.00,0,1,0,0
979.86,-0.24,-0.00,0,1,0,0
985.01,-0.24,-0.00,0,1,0,0
990.16,-0.24,-0.00,0,1,0,0
995.30,-0.24,-0.00,0,1,0,0
1000.45,-0.24,-0.00,0,1,0,0
1005.60,-0.24,-0.00,0,1,0,0
1010.75,-0.24,-0.00,0,1,0,0
1015.89,-0.24,-0.00,0,1,0,0
1021.04,-0.24,-0.00,0,1,0,0
1026.19,-0.24,-0.00,0,1,0,0
1031.34,-0.24,-0.00,0,1,0,0
1036.48,-0.24,-0.00,0,1,0,0
1041.63,-0.24,-0.00,0,1,0,0
1046.78,-0.24,-0.00,0,1,0,0
1051.93,-0.24,-0.00,0,1,0,0
1057.07,-0.24,-0.00,0,1,0,0
1062.22,-0.24,-0.00,0,1,0,0
1067.37,-0.24,-0.00,0,1,0,0
1072.52,-0.24,-0.00,0,1,0,0
1077.67,-0.24,-0.00,0,1,0,0
1082.81,-0.24,-0.00,0,1,0,0
1087.96,-0.24,-0.00,0,1,0,0
1093.12,-0.24,-0.00,0,1,0,0
1098.27,-0.24,-0.00,0,1,0,0
1103.42,-0.24,-0.00,0,1,0,0
1108.56,-0.24,-0.00,0,1,0,0
1113.71,-0.24,-0.00,0,1,0,0
1118.86,-0.24,-0.00,0,1,0,0
1124.01,-0.24,-0.00,0,1,0,0
1129.15,-0.24,-0.00,0,1,0,0
1134.30,-0.24,-0.00,0,1,0,0
1139.45,-0.24,-0.00,0,1,0,0
1144.59,-0.24,-0.00,0,1,0,0
1149.74,-0.24,-0.00,0,1,0,0
1154.89,-0.24,-0.00,0,1,0,0
1160.04,-0.24,-0.00,0,1,0,0
1165.18,-0.24,-0.00,0,1,0,0
1170.33,-0.24,-0.00,0,1,0,0
1175.48,-0.24,-0.00,0,1,0,0
1180.63,-0.24,-0.00,0,1,0,0
1185.77,-0.24,-0.00,0,1,0,0
1190.92,-0.24,-0.00,0,1,0,0
1196.07,-0.24,-0.00,0,1,0,0
1201.21,-0.24,-0.00,0,1,0,0
1206.36,-0.24,-0.00,0,1,0,0
1211.51,-0.24,-0.00,0,1,0,0
1216.65,-0.24,-0.00,0,1,0,0
1221.80,-0.24,-0.00,0,1,0,0
1226.95,-0.24,-0.00,0,1,0,0
1232.10,-0.24,-0.00,0,1,0,0
1237.24,-0.24,-0.00,0,1,0,0
1242.39,-0.24,-0.00,0,1,0,0
1247.54,-0.24,-0.00,0,1,0,0
1252.68,-0.24,-0.00,0,1,0,0
1257.83,-0.24,-0.00,0,1,0,0
1262.98,-0.24,-0.00,0,1,0,0
1268.12,-0.24,-0.00,0,1,0,0
1273.27,-0.24,-0.00,0,1,0,0
1278.42,-0.24,-0.00,0,1,0,0
1283.56,-0.24,-0.00,0,1,0,0
1288.71,-0.24,-0.00,0,1,0,0
1293.87,-0.24,-0.00,0,1,0,0
1299.02,-0.24,-0.00,0,1,0,0
1304.16,-0.24,-0.00,0,1,0,0
1309.31,-0.24,-0.00,0,1,0,0
1314.46,-0.24,-0.00,0,1,0,0
1319.61,-0.24,-0.00,0,1,0,0
1324.75,-0.24,-0.00,0,1,0,0
1329.90,-0.24,-0.00,0,1,0,0
1335.04,-0.24,-0.00,0,1,0,0
1340.19,-0.24,-0.00,0,1,0,0
1345.34,-0.24,-0.00,0,1,0,0
1350.48,-0.24,-0.00,0,1,0,0
1355.63,-0.24,-0.00,0,1,0,0
1360.78,-0.24,-0.00,0,1,0,0
1365.92,-0.24,-0.00,0,1,0,0
1371.07,-0.24,-0.00,0,1,0,0
1376.22,-0.24,-0.00,0,1,0,0
1381.37,-0.24,-0.00,0,1,0,0
1386.51,-0.24,-0.00,0,1,0,0
1391.66,-0.24,-0.00,0,1,0,0
1396.81,-0.24,-0.00,0,1,0,0
1401.95,-0.24,-0.00,0,1,0,0
1407.10,-0.24,-0.00,0,1,0,0
1412.25,-0.24,-0.00,0,1,0,0
1417.39,-0.24,-0.00,0,1,0,0
1422.54,-0.24,-0.00,0,1,0,0
1427.69,-0.24,-0.00,0,1,0,0
1432.83,-0.24,-0.00,0,1,0,0
1437.98,-0.24,-0.00,0,1,0,0
1443.13,-0.24,-0.00,0,1,0,0
1448.28,-0.24,-0.00,0,1,0,0
1453.42,-0.24,-0.00,0,1,0,0
1458.57,-0.24,-0.00,0,1,0,0
1463.72,-0.24,-0.00,0,1,0,0
1468.86,-0.24,-0.00,0,1,0,0
1474.01,-0.24,-0.00,0,1,0,0
1479.16,-0.24,-0.00,0,1,0,0
1484.30,-0.24,-0.00,0,1,0,0
1489.45,-0.24,-0.00,0,1,0,0
1494.61,-0.24,-0.00,0,1,0,0
1499.76,-0.24,-0.00,0,1,0,0
1504.90,-0.24,-0.00,0,1,0,0
1510.05,-0.24,-0.00,0,1,0,0
1515.20,-0.24,-0.00,0,1,0,0
1520.34,-0.24,-0.00,0,1,0,0
1525.49,-0.24,-0.00,0,1,0,0
1530.71,-0.24,-0.00,0,1,0,0
1535.86,-0.24,-0.00,0,1,0,0
1541.01,-0.24,-0.00,0,1,0,0
1546.16,-0.24,-0.00,0,1,0,0
1551.30,-0.24,-0.00,0,1,0,0
1556.45,-0.24,-0.00,0,1,0,0
1561.60,-0.24,-0.00,0,1,0,0
1566.74,-0.24,-0.00,0,1,0,0
1571.89,-0.24,-0.00,0,1,0,0
1577.04,-0.24,-0.00,0,1,0,0
1582.18,-0.24,-0.00,0,1,0,0
1587.33,-0.24,-0.00,0,1,0,0
1592.48,-0.24,-0.00,0,1,0,0
1597.63,-0.24,-0.00,0,1,0,0
1602.77,-0.24,-0.00,0,1,0,0
1607.92,-0.24,-0.00,0,1,0,0
1613.07,-0.24,-0.00,0,1,0,0
1618.21,-0.24,-0.00,0,1,0,0
1623.36,-0.24,-0.00,0,1,0,0
1628.51,-0.24,-0.00,0,1,0,0
1633.65,-0.24,-0.00,0,1,0,0
1638.80,-0.24,-0.00,0,1,0,0
1643.95,-0.24,-0.00,0,1,0,0
1649.09,-0.24,-0.00,0,1,0,0
1654.24,-0.24,-0.00,0,1,0,0
1659.39,-0.24,-0.00,0,1,0,0
1664.53,-0.24,-0.00,0,1,0,0
1669.68,-0.24,-0.00,0,1,0,0
1674.83,-0.24,-0.00,0,1,0,0
1679.97,-0.24,-0.00,0,1,0,0
1685.12,-0.24,-0.00,0,1,0,0
1690.28,-0.24,-0.00,0,1,0,0
1695.44,-0.24,-0.00,0,1,0,0
1700.59,-0.24,-0.00,0,1,0,0
1705.73,-0.24,-0.00,0,1,0,0
1710.88,-0.24,-0.00,0,1,0,0
1716.03,-0.24,-0.00,0,1,0,0
1721.18,-0.24,-0.00,0,1,0,0
1726.32,-0.24,-0.00,0,1,0,0
1731.47,-0.24,-0.00,0,1,0,0
1736.62,-0.24,-0.00,0,1,0,0
1741.76,-0.24,-0.00,0,1,0,0
1746.91,-0.24,-0.00,0,1,0,0
1752.06,-0.24,-0.00,0,1,0,0
1757.20,-0.24,-0.00,0,1,0,0
1762.35,-0.24,-0.00,0,1,0,0
1767.50,-0.24,-0.00,0,1,0,0
1772.65,-0.24,-0.00,0,1,0,0
1777.79,-0.24,-0.00,0,1,0,0
1782.94,-0.24,-0.00,0,1,0,0
1788.04,-0.24,-0.00,0,1,0,0
1793.14,-0.24,-0.00,0,1,0,0
1798.24,-0.24,-0.00,0,1,0,0
1803.38,-0.24,-0.00,0,1,0,0
1808.47,-0.24,-0.00,0,1,0,0
1813.62,-0.24,-0.00,0,1,0,0
1818.72,-0.24,-0.00,0,1,0,0
1823.81,-0.24,-0.00,0,1,0,0
1828.96,-0.24,-0.00,0,1,0,0
1834.11,-0.24,-0.00,0,1,0,0
1839.25,-0.24,-0.00,0,1,0,0
1844.40,-0.24,-0.00,0,1,0,0
1849.55,-0.24,-0.00,0,1,0,0
1854.69,-0.24,-0.00,0,1,0,0
1859.84,-0.24,-0.00,0,1,0,0
1864.99,-0.24,-0.00,0,1,0,0
1870.13,-0.24,-0.00,0,1,0,0
1875.28,-0.24,-0.00,0,1,0,0
1880.43,-0.24,-0.00,0,1,0,0
1885.57,-0.24,-0.00,0,1,0,0
1890.72,-0.24,-0.00,0,1,0,0
1895.88,-0.24,-0.00,0,1,0,0
1901.03,-0.24,-0.00,0,1,0,0
1906.18,-0.24,-0.00,0,1,0,0
1911.32,-0.24,-0.00,0,1,0,0
1916.47,-0.24,-0.00,0,1,0,0
1921.62,-0.24,-0.00,0,1,0,0
1926.76,-0.24,-0.00,0,1,0,0
1931.91,-0.24,-0.00,0,1,0,0
1937.06,-0.24,-0.00,0,1,0,0
1942.20,-0.24,-0.00,0,1,0,0
1947.35,-0.24,-0.00,0,1,0,0
1952.50,-0.24,-0.00,0,1,0,0
1957.64,-0.24,-0.00,0,1,0,0
1962.79,-0.24,-0.00,0,1,0,0
1967.94,-0.24,-0.00,0,1,0,0
1973.08,-0.24,-0.00,0,1,0,0
1978.23,-0.24,-0.00,0,1,0,0
1983.38,-0.24,-0.00,0,1,0,0
1988.53,-0.24,-0.00,0,1,0,0
1993.67,-0.24,-0.00,0,1,0,0
1998.82,-0.24,-0.00,0,1,0,0
2003.96,-0.24,-0.00,0,1,0,0
2009.06,-0.24,-0.00,0,1,0,0
2014.21,-0.24,-0.00,0,1,0,0
2019.36,-0.24,-0.00,0,1,0,0
2024.51,-0.24,-0.00,0,1,0,0
2029.65,-0.24,-0.00,0,1,0,0
2034.80,-0.24,-0.00,0,1,0,0
2039.95,-0.24,-0.00,0,1,0,0
2045.09,-0.24,-0.00,0,1,0,0
2050.24,-0.24,-0.00,0,1,0,0
2055.39,-0.24,-0.00,0,1,0,0
2060.53,-0.24,-0.00,0,1,0,0
2065.68,-0.24,-0.00,0,1,0,0
2070.83,-0.24,-0.00,0,1,0,0
2075.97,-0.24,-0.00,0,1,0,0
2081.12,-0.24,-0.00,0,1,0,0
2086.27,-0.24,-0.00,0,1,0,0
2091.41,-0.24,-0.00,0,1,0,0
2096.57,-0.24,-0.00,0,1,0,0
2101.72,-0.24,-0.00,0,1,0,0
2106.87,-0.24,-0.00,0,1,0,0
2112.03,-0.24,-0.00,0,1,0,0
2117.18,-0.24,-0.00,0,1,0,0
2122.32,-0.24,-0.00,0,1,0,0
2127.41,-0.24,-0.00,0,1,0,0
2132.56,-0.24,-0.00,0,1,0,0
2137.66,-0.24,-0.00,0,1,0,0
2142.80,-0.24,-0.00,0,1,0,0
2147.89,-0.24,-0.00,0,1,0,0
2153.04,-0.24,-0.00,0,1,0,0
2158.13,-0.24,-0.00,0,1,0,0
2163.28,-0.24,-0.00,0,1,0,0
2168.37,-0.24,-0.00,0,1,0,0
2173.51,-0.24,-0.00,0,1,0,0
2178.66,-0.24,-0.00,0,1,0,0
2183.76,-0.24,-0.00,0,1,0,0
2188.90,-0.24,-0.00,0,1,0,0
2193.99,-0.24,-0.00,0,1,0,0
2199.14,-0.24,-0.00,0,1,0,0
2204.23,-0.24,-0.00,0,1,0,0
2209.38,-0.24,-0.00,0,1,0,0
2214.47,-0.24,-0.00,0,1,0,0
2219.62,-0.24,-0.00,0,1,0,0
2224.71,-0.24,-0.00,0,1,0,0
2229.86,-0.24,-0.00,0,1,0,0
2234.95,-0.24,-0.00,0,1,0,0
2240.09,-0.24,-0.00,0,1,0,0
2245.24,-0.24,-0.00,0,1,0,0
2250.34,-0.24,-0.00,0,1,0,0
2255.49,-0.24,-0.00,0,1,0,0
2260.58,-0.24,-0.00,0,1,0,0
2265.73,-0.24,-0.00,0,1,0,0
2270.82,-0.24,-0.00,0,1,0,0
2275.97,-0.24,-0.00,0,1,0,0
2281.19,-0.24,-0.00,0,1,0,0
2286.33,-0.24,-0.00,0,1,0,0
2291.48,-0.24,-0.00,0,1,0,0
2296.64,-0.24,-0.00,0,1,0,0
2301.79,-0.24,-0.00,0,1,0,0
2306.95,-0.24,-0.00,0,1,0,0
2312.09,-0.24,-0.00,0,1,0,0
2317.24,-0.24,-0.00,0,1,0,0
2322.39,-0.24,-0.00,0,1,0,0
2327.53,-0.24,-0.00,0,1,0,0
2332.68,-0.24,-0.00,0,1,0,0
2337.83,-0.24,-0.00,0,1,0,0
2342.97,-0.24,-0.00,0,1,0,0
2348.12,-0.24,-0.00,0,1,0,0
2353.27,-0.24,-0.00,0,1,0,0
2358.42,-0.24,-0.00,0,1,0,0
2363.56,-0.24,-0.00,0,1,0,0
2368.71,-0.24,-0.00,0,1,0,0
2373.86,-0.24,-0.00,0,1,0,0
2379.01,-0.24,-0.00,0,1,0,0
2384.15,-0.24,-0.00,0,1,0,0
2389.30,-0.24,-0.00,0,1,0,0
2394.45,-0.24,-0.00,0,1,0,0
2399.59,-0.24,-0.00,0,1,0,0
2404.74,-0.24,-0.00,0,1,0,0
2409.89,-0.24,-0.00,0,1,0,0
2415.04,-0.24,-0.00,0,1,0,0
2420.18,-0.24,-0.00,0,1,0,0
2425.33,-0.24,-0.00,0,1,0,0
2430.48,-0.24,-0.00,0,1,0,0
2435.62,-0.24,-0.00,0,1,0,0
2440.77,-0.24,-0.00,0,1,0,0
2445.92,-0.24,-0.00,0,1,0,0
2451.07,-0.24,-0.00,0,1,0,0
2456.21,-0.24,-0.00,0,1,0,0
2461.36,-0.24,-0.00,0,1,0,0
2466.51,-0.24,-0.00,0,1,0,0
2471.65,-0.24,-0.00,0,1,0,0
2476.80,-0.24,-0.00,0,1,0,0
2481.95,-0.24,-0.00,0,1,0,0
2487.10,-0.24,-0.00,0,1,0,0
2492.24,-0.24,-0.00,0,1,0,0
2497.40,-0.24,-0.00,0,1,0,0
2502.55,-0.24,-0.00,0,1,0,0
2507.70,-0.24,-0.00,0,1,0,0
2512.85,-0.24,-0.00,0,1,0,0
2518.00,-0.24,-0.00,0,1,0,0
2523.15,-0.24,-0.00,0,1,0,0
2528.30,-0.24,-0.00,0,1,0,0
2533.44,-0.24,-0.00,0,1,0,0
2538.59,-0.24,-0.00,0,1,0,0
2543.74,-0.24,-0.00,0,1,0,0
2548.89,-0.24,-0.00,0,1,0,0
2554.03,-0.24,-0.00,0,1,0,0
2559.18,-0.24,-0.00,0,1,0,0
2564.33,-0.24,-0.00,0,1,0,0
2569.48,-0.24,-0.00,0,1,0,0
2574.62,-0.24,-0.00,0,1,0,0
2579.77,-0.24,-0.00,0,1,0,0
2584.92,-0.24,-0.00,0,1,0,0
2590.07,-0.24,-0.00,0,1,0,0
2595.22,-0.24,-0.00,0,1,0,0
2600.36,-0.24,-0.00,0,1,0,0
2605.51,-0.24,-0.00,0,1,0,0
2610.66,-0.24,-0.00,0,1,0,0
2615.81,-0.24,-0.00,0,1,0,0
2620.96,-0.24,-0.00,0,1,0,0
2626.10,-0.24,-0.00,0,1,0,0
2631.25,-0.24,-0.00,0,1,0,0
2636.40,-0.24,-0.00,0,1,0,0
2641.55,-0.24,-0.00,0,1,0,0
2646.69,-0.24,-0.00,0,1,0,0
2651.84,-0.24,-0.00,0,1,0,0
2656.99,-0.24,-0.00,0,1,0,0
2662.14,-0.24,-0.00,0,1,0,0
2667.29,-0.24,-0.00,0,1,0,0
2672.43,-0.24,-0.00,0,1,0,0
2677.58,-0.24,-0.00,0,1,0,0
2682.73,-0.24,-0.00,0,1,0,0
2687.88,-0.24,-0.00,0,1,0,0
2693.03,-0.24,-0.00,0,1,0,0
2698.19,-0.24,-0.00,0,1,0,0
2703.34,-0.24,-0.00,0,1,0,0
2708.48,-0.24,-0.00,0,1,0,0
2713.63,-0.24,-0.00,0,1,0,0
2718.78,-0.24,-0.00,0,1,0,0
2723.93,-0.24,-0.00,0,1,0,0
2729.08,-0.24,-0.00,0,1,0,0
2734.22,-0.24,-0.00,0,1,0,0
2739.37,-0.24,-0.00,0,1,0,0
2744.52,-0.24,-0.00,0,1,0,0
2749.67,-0.24,-0.00,0,1,0,0
2754.82,-0.24,-0.00,0,1,0,0
2759.96,-0.24,-0.00,0,1,0,0
2765.11,-0.24,-0.00,0,1,0,0
2770.27,-0.24,-0.00,0,1,0,0
2775.42,-0.24,-0.00,0,1,0,0
2780.57,-0.24,-0.00,0,1,0,0
2785.72,-0.24,-0.00,0,1,0,0
2790.86,-0.24,-0.00,0,1,0,0
2796.01,-0.24,-0.00,0,1,0,0
2801.16,-0.24,-0.00,0,1,0,0
2806.26,-0.24,-0.00,0,1,0,0
2811.36,-0.24,-0.00,0,1,0,0
2816.50,-0.24,-0.00,0,1,0,0
2821.59,-0.24,-0.00,0,1,0,0
2826.74,-0.24,-0.00,0,1,0,0
2831.89,-0.24,-0.00,0,1,0,0
2837.07,-0.24,-0.00,0,1,0,0
2842.22,-0.24,-0.00,0,1,0,0
2847.31,-0.24,-0.00,0,1,0,0
2852.46,-0.24,-0.00,0,1,0,0
2857.55,-0.24,-0.00,0,1,0,0
2862.70,-0.24,-0.00,0,1,0,0
2867.79,-0.24,-0.00,0,1,0,0
2872.93,-0.24,-0.00,0,1,0,0
2878.03,-0.24,-0.00,0,1,0,0
2883.17,-0.24,-0.00,0,1,0,0
2888.27,-0.24,-0.00,0,1,0,0
2893.41,-0.24,-0.00,0,1,0,0
2898.57,-0.24,-0.00,0,1,0,0
2903.68,-0.24,-0.00,0,1,0,0
2908.82,-0.24,-0.00,0,1,0,0
2913.91,-0.24,-0.00,0,1,0,0
2919.06,-0.24,-0.00,0,1,0,0
2924.16,-0.24,-0.00,0,1,0,0
2929.30,-0.24,-0.00,0,1,0,0
2934.40,-0.24,-0.00,0,1,0,0
2939.54,-0.24,-0.00,0,1,0,0
2944.64,-0.24,-0.00,0,1,0,0
2949.78,-0.24,-0.00,0,1,0,0
2954.88,-0.24,-0.00,0,1,0,0
2960.02,-0.24,-0.00,0,1,0,0
2965.11,-0.24,-0.00,0,1,0,0
2970.27,-0.24,-0.00,0,1,0,0
2975.41,-0.24,-0.00,0,1,0,0
2980.51,-0.24,-0.00,0,1,0,0
2985.65,-0.24,-0.00,0,1,0,0
2990.75,-0.24,-0.00,0,1,0,0
2995.89,-0.24,-0.00,0,1,0,0
3000.99,-0.24,-0.00,0,1,0,0
3006.13,-0.24,-0.00,0,1,0,0
3011.23,-0.24,-0.00,0,1,0,0
3016.37,-0.24,-0.00,0,1,0,0
3021.47,-0.24,-0.00,0,1,0,0
3026.61,-0.24,-0.00,0,1,0,0
3031.83,-0.24,-0.00,0,1,0,0
3036.98,-0.24,-0.00,0,1,0,0
3042.13,-0.24,-0.00,0,1,0,0
3047.28,-0.24,-0.00,0,1,0,0
3052.42,-0.24,-0.00,0,1,0,0
3057.57,-0.24,-0.00,0,1,0,0
3062.72,-0.24,-0.00,0,1,0,0
3067.81,-0.24,-0.00,0,1,0,0
3072.96,-0.24,-0.00,0,1,0,0
3078.11,-0.24,-0.00,0,1,0,0
3083.25,-0.24,-0.00,0,1,0,0
3088.40,-0.24,-0.00,0,1,0,0
3093.55,-0.24,-0.00,0,1,0,0
3098.72,-0.24,-0.00,0,1,0,0
3103.86,-0.24,-0.00,0,1,0,0
3109.01,-0.24,-0.00,0,1,0,0
3114.16,-0.24,-0.00,0,1,0,0
3119.31,-0.24,-0.00,0,1,0,0
3124.45,-0.24,-0.00,0,1,0,0
3129.60,-0.24,-0.00,0,1,0,0
3134.75,-0.24,-0.00,0,1,0,0
3139.90,-0.24,-0.00,0,1,0,0
3145.04,-0.24,-0.00,0,1,0,0
3150.19,-0.24,-0.00,0,1,0,0
3155.34,-0.24,-0.00,0,1,0,0
3160.49,-0.24,-0.00,0,1,0,0
3165.64,-0.24,-0.00,0,1,0,0
3170.73,-0.24,-0.00,0,1,0,0
3175.88,-0.24,-0.00,0,1,0,0
3181.03,-0.24,-0.00,0,1,0,0
3186.18,-0.24,-0.00,0,1,0,0
3191.33,-0.24,-0.00,0,1,0,0
3196.48,-0.24,-0.00,0,1,0,0
3201.63,-0.24,-0.00,0,1,0,0
3206.78,-0.24,-0.00,0,1,0,0
3211.93,-0.24,-0.00,0,1,0,0
3217.08,-0.24,-0.00,0,1,0,0
3222.22,-0.24,-0.00,0,1,0,0
3227.37,-0.24,-0.00,0,1,0,0
3232.52,-0.24,-0.00,0,1,0,0
3237.67,-0.24,-0.00,0,1,0,0
3242.82,-0.24,-0.00,0,1,0,0
3247.97,-0.24,-0.00,0,1,0,0
3253.12,-0.24,-0.00,0,1,0,0
3258.27,-0.24,-0.00,0,1,0,0
3263.42,-0.24,-0.00,0,1,0,0
3268.57,-0.24,-0.00,0,1,0,0
3273.72,-0.24,-0.00,0,1,0,0
3278.87,-0.24,-0.00,0,1,0,0
3284.02,-0.24,-0.00,0,1,0,0
3289.17,-0.24,-0.00,0,1,0,0
3294.32,-0.24,-0.00,0,1,0,0
3299.48,-0.24,-0.00,0,1,0,0
3304.63,-0.24,-0.00,0,1,0,0
3309.78,-0.24,-0.00,0,1,0,0
3314.93,-0.24,-0.00,0,1,0,0
3320.08,-0.24,-0.00,0,1,0,0
3325.23,-0.24,-0.00,0,1,0,0
3330.38,-0.24,-0.00,0,1,0,0
3335.53,-0.24,-0.00,0,1,0,0
3340.68,-0.24,-0.00,0,1,0,0
3345.83,-0.24,-0.00,0,1,0,0
3350.98,-0.24,-0.00,0,1,0,0
3356.13,-0.24,-0.00,0,1,0,0
3361.28,-0.24,-0.00,0,1,0,0
3366.43,-0.24,-0.00,0,1,0,0
3371.58,-0.24,-0.00,0,1,0,0
3376.73,-0.24,-0.00,0,1,0,0
3381.88,-0.24,-0.00,0,1,0,0
3387.03,-0.24,-0.00,0,1,0,0
3392.18,-0.24,-0.00,0,1,0,0
3397.33,-0.24,-0.00,0,1,0,0
3402.48,-0.24,-0.00,0,1,0,0
3407.63,-0.24,-0.00,0,1,0,0
3412.78,-0.24,-0.00,0,1,0,0
3417.93,-0.24,-0.00,0,1,0,0
3423.08,-0.24,-0.00,0,1,0,0
3428.23,-0.24,-0.00,0,1,0,0
3433.38,-0.24,-0.00,0,1,0,0
3438.53,-0.24,-0.00,0,1,0,0
3443.68,-0.24,-0.00,0,1,0,0
3448.83,-0.24,-0.00,0,1,0,0
3453.98,-0.24,-0.00,0,1,0,0
3459.13,-0.24,-0.00,0,1,0,0
3464.28,-0.24,-0.00,0,1,0,0
3469.43,-0.24,-0.00,0,1,0,0
3474.58,-0.24,-0.00,0,1,0,0
3479.73,-0.24,-0.00,0,1,0,0
3484.88,-0.24,-0.00,0,1,0,0
3490.03,-0.24,-0.00,0,1,0,0
3495.18,-0.24,-0.00,0,1,0,0
3500.34,-0.24,-0.00,0,1,0,0
3505.49,-0.24,-0.00,0,1,0,0
3510.64,-0.24,-0.00,0,1,0,0
3515.80,-0.24,-0.00,0,1,0,0
3520.95,-0.24,-0.00,0,1,0,0
3526.10,-0.24,-0.00,0,1,0,0
3531.25,-0.24,-0.00,0,1,0,0
3536.40,-0.24,-0.00,0,1,0,0
3541.55,-0.24,-0.00,0,1,0,0
3546.70,-0.24,-0.00,0,1,0,0
3551.84,-0.24,-0.00,0,1,0,0
3556.99,-0.24,-0.00,0,1,0,0
3562.14,-0.24,-0.00,0,1,0,0
3567.29,-0.24,-0.00,0,1,0,0
3572.44,-0.24,-0.00,0,1,0,0
3577.60,-0.24,-0.00,0,1,0,0
3582.74,-0.24,-0.00,0,1,0,0
3587.89,-0.24,-0.00,0,1,0,0
3593.04,-0.24,-0.00,0,1,0,0
3598.19,-0.24,-0.00,0,1,0,0
3603.34,-0.24,-0.00,0,1,0,0
3608.49,-0.24,-0.00,0,1,0,0
3613.64,-0.24,-0.00,0,1,0,0
3618.78,-0.24,-0.00,0,1,0,0
3623.93,-0.24,-0.00,0,1,0,0
3629.08,-0.24,-0.00,0,1,0,0
3634.22,-0.24,-0.00,0,1,0,0
3639.37,-0.24,-0.00,0,1,0,0
3644.52,-0.24,-0.00,0,1,0,0
3649.67,-0.24,-0.00,0,1,0,0
3654.81,-0.24,-0.00,0,1,0,0
3659.96,-0.24,-0.00,0,1,0,0
3665.11,-0.24,-0.00,0,1,0,0
3670.27,-0.24,-0.00,0,1,0,0
3675.42,-0.24,-0.00,0,1,0,0
3680.56,-0.24,-0.00,0,1,0,0
3685.71,-0.24,-0.00,0,1,0,0
3690.81,-0.24,-0.00,0,1,0,0
3695.95,-0.24,-0.00,0,1,0,0
3701.11,-0.24,-0.00,0,1,0,0
3706.26,-0.24,-0.00,0,1,0,0
3711.41,-0.24,-0.00,0,1,0,0
3716.55,-0.24,-0.00,0,1,0,0
3721.70,-0.24,-0.00,0,1,0,0
3726.85,-0.24,-0.00,0,1,0,0
3732.00,-0.24,-0.00,0,1,0,0
3737.14,-0.24,-0.00,0,1,0,0
3742.29,-0.24,-0.00,0,1,0,0
3747.44,-0.24,-0.00,0,1,0,0
3752.59,-0.24,-0.00,0,1,0,0
3757.74,-0.24,-0.00,0,1,0,0
3762.88,-0.24,-0.00,0,1,0,0
3768.03,-0.24,-0.00,0,1,0,0
3773.18,-0.24,-0.00,0,1,0,0
3778.33,-0.24,-0.00,0,1,0,0
3783.47,-0.24,-0.00,0,1,0,0
3788.70,-0.24,-0.00,0,1,0,0
3793.80,-0.24,-0.00,0,1,0,0
3798.94,-0.24,-0.00,0,1,0,0
3804.09,-0.24,-0.00,0,1,0,0
3809.24,-0.24,-0.00,0,1,0,0
3814.39,-0.24,-0.00,0,1,0,0
3819.50,-0.24,-0.00,0,1,0,0
3824.59,-0.24,-0.00,0,1,0,0
3829.73,-0.24,-0.00,0,1,0,0
3834.82,-0.24,-0.00,0,1,0,0
3839.96,-0.24,-0.00,0,1,0,0
3845.11,-0.24,-0.00,0,1,0,0
3850.25,-0.24,-0.00,0,1,0,0
3855.41,-0.24,-0.00,0,1,0,0
3860.55,-0.24,-0.00,0,1,0,0
3865.69,-0.24,-0.00,0,1,0,0
3870.84,-0.24,-0.00,0,1,0,0
3875.98,-0.24,-0.00,0,1,0,0
3881.13,-0.24,-0.00,0,1,0,0
3886.27,-0.24,-0.00,0,1,0,0
3891.42,-0.24,-0.00,0,1,0,0
3896.57,-0.24,-0.00,0,1,0,0
3901.72,-0.24,-0.00,0,1,0,0
3906.87,-0.24,-0.00,0,1,0,0
3912.01,-0.24,-0.00,0,1,0,0
3917.16,-0.24,-0.00,0,1,0,0
3922.30,-0.24,-0.00,0,1,0,0
3927.45,-0.24,-0.00,0,1,0,0
3932.59,-0.24,-0.00,0,1,0,0
3937.74,-0.24,-0.00,0,1,0,0
3942.88,-0.24,-0.00,0,1,0,0
3948.03,-0.24,-0.00,0,1,0,0
3953.17,-0.24,-0.00,0,1,0,0
3958.32,-0.24,-0.00,0,1,0,0
3963.47,-0.24,-0.00,0,1,0,0
3968.61,-0.24,-0.00,0,1,0,0
3973.76,-0.24,-0.00,0,1,0,0
3978.91,-0.24,-0.00,0,1,0,0
3984.05,-0.24,-0.00,0,1,0,0
3989.20,-0.24,-0.00,0,1,0,0
3994.35,-0.24,-0.00,0,1,0,0
3999.50,-0.24,-0.00,0,1,0,0
4004.64,-0.24,-0.00,0,1,0,0
4009.79,-0.24,-0.00,0,1,0,0
4014.94,-0.24,-0.00,0,1,0,0
4020.09,-0.24,-0.00,0,1,0,0
4025.23,-0.24,-0.00,0,1,0,0
4030.38,-0.24,-0.00,0,1,0,0
4035.53,-0.24,-0.00,0,1,0,0
4040.67,-0.24,-0.00,0,1,0,0
4045.82,-0.24,-0.00,0,1,0,0
4050.97,-0.24,-0.00,0,1,0,0
4056.11,-0.24,-0.00,0,1,0,0
4061.26,-0.24,-0.00,0,1,0,0
4066.41,-0.24,-0.00,0,1,0,0
4071.56,-0.24,-0.00,0,1,0,0
4076.70,-0.24,-0.00,0,1,0,0
4081.85,-0.24,-0.00,0,1,0,0
4087.00,-0.24,-0.00,0,1,0,0
4092.14,-0.24,-0.00,0,1,0,0
4097.29,-0.24,-0.00,0,1,0,0
4102.46,-0.24,-0.00,0,1,0,0
4107.61,-0.24,-0.00,0,1,0,0
4112.76,-0.24,-0.00,0,1,0,0
4117.90,-0.24,-0.00,0,1,0,0
4123.05,-0.24,-0.00,0,1,0,0
4128.20,-0.24,-0.00,0,1,0,0
4133.35,-0.24,-0.00,0,1,0,0
4138.49,-0.24,-0.00,0,1,0,0
4143.64,-0.24,-0.00,0,1,0,0
4148.79,-0.24,-0.00,0,1,0,0
4153.93,-0.24,-0.00,0,1,0,0
4159.08,-0.24,-0.00,0,1,0,0
4164.23,-0.24,-0.00,0,1,0,0
4169.38,-0.24,-0.00,0,1,0,0
4174.52,-0.24,-0.00,0,1,0,0
4179.67,-0.24,-0.00,0,1,0,0
4184.82,0.00,0.06,0,1,0,0
4189.96,0.00,0.06,0,1,0,0
4195.11,0.48,52.49,0,1,0,0
4200.27,0.72,59.63,0,1,0,0
4205.42,0.96,65.15,0,1,0,0
4210.52,1.44,74.93,0,1,0,0
4215.66,1.92,80.62,0,1,0,0
4220.81,2.16,83.45,0,1,0,0
4225.95,2.64,85.96,0,1,0,0
4231.10,3.12,89.59,0,1,0,0
4236.25,3.60,89.89,0,1,0,0
4241.40,4.08,89.45,0,1,0,0
4246.54,4.56,88.20,0,1,0,0
4251.69,5.04,86.11,0,1,0,0
4256.84,5.52,83.77,0,1,0,0
4261.99,5.76,82.28,0,1,0,0
4267.13,6.24,79.52,0,1,0,0
4272.28,6.72,76.48,0,1,0,0
4277.43,6.96,75.00,0,1,0,0
4282.57,7.44,71.60,0,1,0,0
4287.72,7.68,69.87,0,1,0,0
4292.87,8.16,65.74,0,1,0,0
4298.02,8.40,63.76,0,1,0,0
4303.18,8.64,61.43,0,1,0,0
4308.32,9.12,56.50,0,1,0,0
4313.47,9.36,53.92,0,1,0,0
4318.62,9.60,51.21,0,1,0,0
4323.76,9.84,47.69,0,1,0,0
4328.91,10.08,44.02,0,1,0,0
4334.06,10.32,40.24,0,1,0,0
4339.21,10.32,40.24,0,1,0,0
4344.35,10.56,35.63,0,1,0,0
4349.50,10.80,33.62,0,1,0,0
4354.65,11.04,42.84,0,1,0,0
4359.80,11.28,54.14,0,1,0,0
4364.95,11.52,62.53,0,1,0,0
4370.10,12.00,73.60,0,1,0,0
4375.24,12.48,82.30,0,1,0,0
4380.39,12.96,89.65,0,1,0,0
4385.54,13.44,96.42,0,1,0,0
4390.69,13.92,102.00,0,1,0,0
4395.84,14.40,106.19,0,1,0,0
4400.98,15.12,110.80,0,1,0,0
4406.13,15.60,112.78,0,1,0,0
4411.28,16.32,115.11,0,1,0,0
4416.43,16.80,116.05,0,1,0,0
4421.58,17.28,116.79,0,1,0,0
4426.73,18.00,115.72,0,1,0,0
4431.87,18.48,114.89,0,1,0,0
4437.02,19.20,112.46,0,1,0,0
4442.17,19.68,109.99,0,1,0,0
4447.32,20.40,107.00,0,1,0,0
4452.47,20.88,103.58,0,1,0,0
4457.61,21.36,101.10,0,1,0,0
4462.77,21.84,99.01,0,1,0,0
4467.91,22.32,96.89,0,1,0,0
4473.06,22.80,96.04,0,1,0,0
4478.21,23.28,95.88,0,1,0,0
4483.36,23.76,96.70,0,1,0,0
4488.51,24.24,98.97,0,1,0,0
4493.65,24.96,101.01,0,1,0,0
4498.80,25.44,104.17,0,1,0,0
4503.95,25.92,106.81,0,1,0,0
4509.10,26.40,108.11,0,1,0,0
4514.25,27.12,109.24,0,1,0,0
4519.40,27.60,108.25,0,1,0,0
4524.55,28.08,107.48,0,1,0,0
4529.69,28.80,103.76,0,1,0,0
4534.84,29.28,101.78,0,1,0,0
4540.07,29.76,99.50,0,1,0,0
4545.21,30.24,97.64,0,1,0,0
4550.36,30.72,94.27,0,1,0,0
4555.51,31.20,91.88,0,1,0,0
4560.66,31.68,89.99,0,1,0,0
4565.81,32.16,88.89,0,1,0,0
4570.95,32.64,88.59,0,1,0,0
4576.10,33.12,89.65,0,1,0,0
4581.25,33.60,90.63,0,1,0,0
4586.40,34.08,91.85,0,1,0,0
4591.54,34.56,92.81,0,1,0,0
4596.69,35.04,94.94,0,1,0,0
4601.84,35.52,96.58,0,1,0,0
4606.99,36.00,97.09,0,1,0,0
4612.14,36.48,97.24,0,1,0,0
4617.28,36.96,97.96,0,1,0,0
4622.43,37.44,97.84,0,1,0,0
4627.58,37.92,97.40,0,1,0,0
4632.73,38.40,95.96,0,1,0,0
4637.88,38.88,94.49,0,1,0,0
4643.02,39.36,93.02,0,1,0,0
4648.17,39.84,91.32,0,1,0,0
4653.32,40.32,88.53,0,1,0,0
4658.47,40.80,86.18,0,1,0,0
4663.62,41.28,83.25,0,1,0,0
4668.77,41.52,82.14,0,1,0,0
4673.91,42.00,80.16,0,1,0,0
4679.06,42.48,79.10,0,1,0,0
4684.21,42.96,78.61,0,1,0,0
4689.36,43.20,78.33,0,1,0,0
4694.51,43.68,78.59,0,1,0,0
4699.65,44.16,79.29,0,1,0,0
4704.81,44.40,79.76,0,1,0,0
4709.96,44.88,81.52,0,1,0,0
4715.11,45.36,82.90,0,1,0,0
4720.27,45.84,84.57,0,1,0,0
4725.42,46.08,85.17,0,1,0,0
4730.57,46.56,86.52,0,1,0,0
4735.71,47.04,88.50,0,1,0,0
4740.81,47.52,86.71,0,1,0,0
4745.95,48.00,86.74,0,1,0,0
4751.05,48.48,85.05,0,1,0,0
4756.19,48.72,83.19,0,1,0,0
4761.29,49.20,81.11,0,1,0,0
4766.44,49.68,78.59,0,1,0,0
4771.53,49.92,75.24,0,1,0,0
4776.68,50.40,72.93,0,1,0,0
4781.82,50.88,70.34,0,1,0,0
4786.97,51.12,69.67,0,1,0,0
4792.12,51.36,67.49,0,1,0,0
4797.21,51.84,66.46,0,1,0,0
4802.36,52.08,65.93,0,1,0,0
4807.45,52.56,65.66,0,1,0,0
4812.60,52.80,65.95,0,1,0,0
4817.69,53.04,65.99,0,1,0,0
4822.79,53.52,66.87,0,1,0,0
4827.89,53.76,68.57,0,1,0,0
4833.03,54.24,68.36,0,1,0,0
4838.13,54.48,67.57,0,1,0,0
4843.28,54.96,67.87,0,1,0,0
4848.43,55.20,68.61,0,1,0,0
4853.57,55.68,65.70,0,1,0,0
4858.72,55.92,66.01,0,1,0,0
4863.87,56.16,62.31,0,1,0,0
4869.02,56.64,57.17,0,1,0,0
4874.16,56.88,53.96,0,1,0,0
4879.31,57.12,50.40,0,1,0,0
4884.41,57.36,46.26,0,1,0,0
4889.56,57.60,42.21,0,1,0,0
4894.70,57.60,42.21,0,1,0,0
4899.85,57.84,38.76,0,1,0,0
4905.01,58.08,36.07,0,1,0,0
4910.16,58.32,34.76,0,1,0,0
4915.31,58.32,34.76,0,1,0,0
4920.46,58.56,34.58,0,1,0,0
4925.61,58.80,35.37,0,1,0,0
4930.75,59.04,36.36,0,1,0,0
4935.90,59.28,36.95,0,1,0,0
4941.05,59.28,36.95,0,1,0,0
4946.20,59.52,37.23,0,1,0,0
4951.35,59.76,36.87,0,1,0,0
4956.49,60.00,35.69,0,1,0,0
4961.64,60.00,35.69,0,1,0,0
4966.79,60.24,33.72,0,1,0,0
4971.94,60.48,30.16,0,1,0,0
4977.08,60.48,30.16,0,1,0,0
4982.23,60.72,25.54,0,1,0,0
4987.38,60.72,25.54,0,1,0,0
4992.53,60.96,18.76,0,1,0,0
4997.67,60.96,18.76,0,1,0,0
5002.82,60.96,18.76,0,1,0,0
5007.97,60.96,18.76,0,1,0,0
5013.12,61.20,12.58,0,1,0,0
5018.27,61.20,12.58,0,1,0,0
5023.41,61.20,12.58,0,1,0,0
5028.56,61.20,12.58,0,1,0,0
5033.72,61.44,11.73,0,1,0,0
5038.87,61.44,11.73,0,1,0,0
5044.02,61.44,11.73,0,1,0,0
5049.16,61.68,14.11,0,1,0,0
5054.31,61.68,14.11,0,1,0,0
5059.46,61.68,14.11,0,1,0,0
5064.61,61.68,14.11,0,1,0,0
5069.76,61.92,15.22,0,1,0,0
5074.90,61.92,15.22,0,1,0,0
5080.05,61.92,15.22,0,1,0,0
5085.20,62.16,13.79,0,1,0,0
5090.35,62.16,13.79,0,1,0,0
5095.50,62.16,13.79,0,1,0,0
5100.65,62.16,13.79,0,1,0,0
5105.81,62.16,13.79,0,1,0,0
5110.96,62.16,13.79,0,1,0,0
5116.11,62.16,13.79,0,1,0,0
5121.26,62.16,13.79,0,1,0,0
5126.40,62.16,13.79,0,1,0,0
5131.55,62.16,13.79,0,1,0,0
5136.70,62.16,13.79,0,1,0,0
5141.85,62.16,13.79,0,1,0,0
5146.99,62.16,13.79,0,1,0,0
5152.14,62.16,13.79,0,1,0,0
5157.29,62.16,13.79,0,1,0,0
5162.44,62.16,13.79,0,1,0,0
5167.58,62.16,13.79,0,1,0,0
5172.73,62.16,13.79,0,1,0,0
5177.88,62.16,13.79,0,1,0,0
5183.02,62.16,13.79,0,1,0,0
5188.17,62.16,13.79,0,1,0,0
5193.32,62.16,13.79,0,1,0,0
5198.47,61.92,-2.15,0,1,0,0
5203.61,61.92,-2.15,0,1,0,0
5208.76,61.92,-2.15,0,1,0,0
5213.91,61.92,-2.15,0,1,0,0
5219.06,61.92,-2.15,0,1,0,0
5224.15,61.92,-2.15,0,1,0,0
5229.30,61.92,-2.15,0,1,0,0
5234.45,61.68,-6.58,0,1,0,0
5239.59,61.68,-6.58,0,1,0,0
5244.74,61.68,-6.58,0,1,0,0
5249.89,61.68,-6.58,0,1,0,0
5255.03,61.68,-6.58,0,1,0,0
5260.18,61.68,-6.58,0,1,0,0
5265.33,61.68,-6.58,0,1,0,0
5270.48,61.68,-6.58,0,1,0,0
5275.62,61.68,-6.58,0,1,0,0
5280.77,61.44,-5.12,0,1,0,0
5285.92,61.44,-5.12,0,1,0,0
5291.14,61.44,-5.12,0,1,0,0
5296.29,61.44,-5.12,0,1,0,0
5301.44,61.20,-10.10,0,1,0,0
5306.60,61.20,-10.10,0,1,0,0
5311.74,61.20,-10.10,0,1,0,0
5316.89,61.20,-10.10,0,1,0,0
5322.04,61.20,-10.10,0,1,0,0
5327.19,61.20,-10.10,0,1,0,0
5332.33,60.96,-8.73,0,1,0,0
5337.48,60.96,-8.73,0,1,0,0
5342.63,60.96,-8.73,0,1,0,0
5347.77,60.96,-8.73,0,1,0,0
5352.92,60.96,-8.73,0,1,0,0
5358.07,60.96,-8.73,0,1,0,0
5363.22,60.96,-8.73,0,1,0,0
5368.37,60.96,-8.73,0,1,0,0
5373.51,60.96,-8.73,0,1,0,0
5378.66,60.96,-8.73,0,1,0,0
5383.81,60.96,-8.73,0,1,0,0
5388.95,60.96,-8.73,0,1,0,0
5394.10,60.96,-8.73,0,1,0,0
5399.25,60.96,-8.73,0,1,0,0
5404.40,60.96,-8.73,0,1,0,0
5409.54,60.72,-2.99,0,1,0,0
5414.69,60.72,-2.99,0,1,0,0
5419.84,60.72,-2.99,0,1,0,0
5424.98,60.72,-2.99,0,1,0,0
5430.13,60.72,-2.99,0,1,0,0
5435.28,60.72,-2.99,0,1,0,0
5440.43,60.72,-2.99,0,1,0,0
5445.57,60.72,-2.99,0,1,0,0
5450.72,60.72,-2.99,0,1,0,0
5455.87,60.72,-2.99,0,1,0,0
5461.02,60.72,-2.99,0,1,0,0
5466.16,60.72,-2.99,0,1,0,0
5471.31,60.72,-2.99,0,1,0,0
5476.46,60.72,-2.99,0,1,0,0
5481.60,60.72,-2.99,0,1,0,0
5486.75,60.72,-2.99,0,1,0,0
5491.90,60.72,-2.99,0,1,0,0
5497.05,60.72,-2.99,0,1,0,0
5502.20,60.72,-2.99,0,1,0,0
5507.36,60.48,-2.50,0,1,0,0
5512.51,60.48,-2.50,0,1,0,0
5517.66,60.48,-2.50,0,1,0,0
5522.80,60.48,-2.50,0,1,0,0
5527.95,60.48,-2.50,0,1,0,0
5533.10,60.48,-2.50,0,1,0,0
5538.24,60.48,-2.50,0,1,0,0
5543.39,60.48,-2.50,0,1,0,0
5548.54,60.48,-2.50,0,1,0,0
5553.68,60.48,-2.50,0,1,0,0
5558.83,60.48,-2.50,0,1,0,0
5563.98,60.48,-2.50,0,1,0,0
5569.13,60.48,-2.50,0,1,0,0
5574.27,60.48,-2.50,0,1,0,0
5579.42,60.48,-2.50,0,1,0,0
5584.57,60.72,3.18,0,1,0,0
5589.72,60.72,3.18,0,1,0,0
5594.86,60.72,3.18,0,1,0,0
5600.01,60.72,3.18,0,1,0,0
5605.16,60.72,3.18,0,1,0,0
5610.30,60.72,3.18,0,1,0,0
5615.45,60.96,6.90,0,1,0,0
5620.60,60.96,6.90,0,1,0,0
5625.75,60.96,6.90,0,1,0,0
5630.89,60.96,6.90,0,1,0,0
5636.04,60.96,6.90,0,1,0,0
5641.19,61.20,10.23,0,1,0,0
5646.34,61.20,10.23,0,1,0,0
5651.48,61.20,10.23,0,1,0,0
5656.63,61.44,15.22,0,1,0,0
5661.78,61.44,15.22,0,1,0,0
5666.94,61.44,15.22,0,1,0,0
5672.09,61.68,17.74,0,1,0,0
5677.18,61.68,17.74,0,1,0,0
5682.33,61.92,16.73,0,1,0,0
5687.48,61.92,16.73,0,1,0,0
5692.62,61.92,16.73,0,1,0,0
5697.77,61.92,16.73,0,1,0,0
5702.92,62.16,12.43,0,1,0,0
5708.08,62.16,12.43,0,1,0,0
5713.23,62.16,12.43,0,1,0,0
5718.37,62.16,12.43,0,1,0,0
5723.52,62.16,12.43,0,1,0,0
5728.67,62.40,9.17,0,1,0,0
5733.82,62.40,9.17,0,1,0,0
5738.96,62.40,9.17,0,1,0,0
5744.11,62.40,9.17,0,1,0,0
5749.26,62.64,11.47,0,1,0,0
5754.40,62.64,11.47,0,1,0,0
5759.55,62.64,11.47,0,1,0,0
5764.70,62.64,11.47,0,1,0,0
5769.85,62.88,12.21,0,1,0,0
5775.00,62.88,12.21,0,1,0,0
5780.15,62.88,12.21,0,1,0,0
5785.29,62.88,12.21,0,1,0,0
5790.44,62.88,12.21,0,1,0,0
5795.59,63.12,10.39,0,1,0,0
5800.74,63.12,10.39,0,1,0,0
5805.88,63.12,10.39,0,1,0,0
5811.03,63.12,10.39,0,1,0,0
5816.18,63.12,10.39,0,1,0,0
5821.33,63.36,8.42,0,1,0,0
5826.47,63.36,8.42,0,1,0,0
5831.62,63.36,8.42,0,1,0,0
5836.70,63.36,8.42,0,1,0,0
5841.77,63.36,8.42,0,1,0,0
5846.83,63.36,8.42,0,1,0,0
5851.89,63.60,7.99,0,1,0,0
5856.95,63.60,7.99,0,1,0,0
5862.01,63.60,7.99,0,1,0,0
5867.07,63.60,7.99,0,1,0,0
5872.13,63.60,7.99,0,1,0,0
5877.19,63.60,7.99,0,1,0,0
5882.25,63.84,7.38,0,1,0,0
5887.31,63.84,7.38,0,1,0,0
5892.37,63.84,7.38,0,1,0,0
5897.43,63.84,7.38,0,1,0,0
5902.49,63.84,7.38,0,1,0,0
5907.55,63.84,7.38,0,1,0,0
5912.61,63.84,7.38,0,1,0,0
5917.67,63.84,7.38,0,1,0,0
5922.73,63.84,7.38,0,1,0,0
5927.79,63.84,7.38,0,1,0,0
5932.85,63.84,7.38,0,1,0,0
5937.91,63.84,7.38,0,1,0,0
5942.97,63.84,7.38,0,1,0,0
5948.03,63.84,7.38,0,1,0,0
5953.09,63.84,7.38,0,1,0,0
5958.15,63.84,7.38,0,1,0,0
5963.21,63.84,7.38,0,1,0,0
5968.27,63.84,7.38,0,1,0,0
5973.33,63.84,7.38,0,1,0,0
5978.39,63.84,7.38,0,1,0,0
5983.45,63.84,7.38,0,1,0,0
5988.51,63.84,7.38,0,1,0,0
5993.57,63.60,-2.17,0,1,0,0
5998.63,63.60,-2.17,0,1,0,0
6003.69,63.60,-2.17,0,1,0,0
6008.75,63.60,-2.17,0,1,0,0
6013.81,63.60,-2.17,0,1,0,0
6018.87,63.60,-2.17,0,1,0,0
6023.93,63.36,-9.08,0,1,0,0
6028.99,63.36,-9.08,0,1,0,0
6034.05,63.36,-9.08,0,1,0,0
6039.11,63.36,-9.08,0,1,0,0
6044.17,63.36,-9.08,0,1,0,0
6049.28,63.36,-9.08,0,1,0,0
6054.34,63.12,-7.07,0,1,0,0
6059.40,63.12,-7.07,0,1,0,0
6064.47,63.12,-7.07,0,1,0,0
6069.53,63.12,-7.07,0,1,0,0
6074.59,63.12,-7.07,0,1,0,0
6079.65,63.12,-7.07,0,1,0,0
6084.71,63.12,-7.07,0,1,0,0
6089.77,63.12,-7.07,0,1,0,0
6094.83,63.12,-7.07,0,1,0,0
6099.90,63.12,-7.07,0,1,0,0
6104.96,63.12,-7.07,0,1,0,0
6110.02,63.12,-7.07,0,1,0,0
6115.08,63.12,-7.07,0,1,0,0
6120.14,63.12,-7.07,0,1,0,0
6125.20,63.12,-7.07,0,1,0,0
6130.26,63.12,-7.07,0,1,0,0
6135.32,63.12,-7.07,0,1,0,0
6140.38,63.12,-7.07,0,1,0,0
6145.44,63.12,-7.07,0,1,0,0
6150.50,63.12,-7.07,0,1,0,0
6155.56,63.12,-7.07,0,1,0,0
6160.62,63.12,-7.07,0,1,0,0
6165.68,63.12,-7.07,0,1,0,0
6170.74,63.12,-7.07,0,1,0,0
6175.80,63.12,-7.07,0,1,0,0
6180.86,63.12,-7.07,0,1,0,0
6185.92,63.12,-7.07,0,1,0,0
6190.98,63.12,-7.07,0,1,0,0
6196.04,63.12,-7.07,0,1,0,0
6201.11,63.12,-7.07,0,1,0,0
6206.17,63.12,-7.07,0,1,0,0
6211.23,63.12,-7.07,0,1,0,0
6216.29,63.12,-7.07,0,1,0,0
6221.35,63.12,-7.07,0,1,0,0
6226.41,63.12,-7.07,0,1,0,0
6231.48,63.12,-7.07,0,1,0,0
6236.53,63.12,-7.07,0,1,0,0
6241.60,63.12,-7.07,0,1,0,0
6246.66,63.12,-7.07,0,1,0,0
6251.72,63.12,-7.07,0,1,0,0
6256.78,63.12,-7.07,0,1,0,0
6261.84,63.12,-7.07,0,1,0,0
6266.90,63.12,-7.07,0,1,0,0
6271.97,63.12,-7.07,0,1,0,0
6277.03,63.12,-7.07,0,1,0,0
6282.09,63.12,-7.07,0,1,0,0
6287.15,63.12,-7.07,0,1,0,0
6292.21,63.12,-7.07,0,1,0,0
6297.27,63.12,-7.07,0,1,0,0
6302.33,63.12,-7.07,0,1,0,0
6307.39,63.12,-7.07,0,1,0,0
6312.46,63.12,-7.07,0,1,0,0
6317.52,63.12,-7.07,0,1,0,0
6322.58,63.12,-7.07,0,1,0,0
6327.64,63.12,-7.07,0,1,0,0
6332.70,63.12,-7.07,0,1,0,0
6337.76,63.12,-7.07,0,1,0,0
6342.83,63.12,-7.07,0,1,0,0
6347.89,63.12,-7.07,0,1,0,0
6352.95,63.12,-7.07,0,1,0,0
6358.01,63.12,-7.07,0,1,0,0
6363.07,63.12,-7.07,0,1,0,0
6368.13,62.88,-0.76,0,1,0,0
6373.20,62.88,-0.76,0,1,0,0
6378.26,62.88,-0.76,0,1,0,0
6383.32,62.88,-0.76,0,1,0,0
6388.38,62.88,-0.76,0,1,0,0
6393.44,62.88,-0.76,0,1,0,0
6398.50,62.88,-0.76,0,1,0,0
6403.57,62.88,-0.76,0,1,0,0
6408.63,62.88,-0.76,0,1,0,0
6413.69,62.88,-0.76,0,1,0,0
6418.75,62.88,-0.76,0,1,0,0
6423.81,62.88,-0.76,0,1,0,0
6428.87,62.88,-0.76,0,1,0,0
6433.93,62.88,-0.76,0,1,0,0
6438.98,62.88,-0.76,0,1,0,0
6444.05,62.88,-0.76,0,1,0,0
6449.10,62.88,-0.76,0,1,0,0
6454.16,62.88,-0.76,0,1,0,0
6459.22,62.88,-0.76,0,1,0,0
6464.28,62.88,-0.76,0,1,0,0
6469.34,62.64,-2.48,0,1,0,0
6474.40,62.64,-2.48,0,1,0,0
6479.46,62.64,-2.48,0,1,0,0
6484.52,62.64,-2.48,0,1,0,0
6489.58,62.64,-2.48,0,1,0,0
6494.64,62.64,-2.48,0,1,0,0
6499.70,62.64,-2.48,0,1,0,0
6504.76,62.64,-2.48,0,1,0,0
6509.82,62.64,-2.48,0,1,0,0
6514.88,62.64,-2.48,0,1,0,0
6519.94,62.64,-2.48,0,1,0,0
6525.00,62.64,-2.48,0,1,0,0
6530.06,62.64,-2.48,0,1,0,0
6535.12,62.64,-2.48,0,1,0,0
6540.18,62.64,-2.48,0,1,0,0
6545.25,62.64,-2.48,0,1,0,0
6550.31,62.64,-2.48,0,1,0,0
6555.37,62.64,-2.48,0,1,0,0
6560.43,62.64,-2.48,0,1,0,0
6565.49,62.64,-2.48,0,1,0,0
6570.55,62.64,-2.48,0,1,0,0
6575.61,62.64,-2.48,0,1,0,0
6580.67,62.64,-2.48,0,1,0,0
6585.74,62.64,-2.48,0,1,0,0
6590.80,62.64,-2.48,0,1,0,0
6595.86,62.64,-2.48,0,1,0,0
6600.92,62.64,-2.48,0,1,0,0
6605.98,62.64,-2.48,0,1,0,0
6611.04,62.64,-2.48,0,1,0,0
6616.10,62.64,-2.48,0,1,0,0
6621.16,62.64,-2.48,0,1,0,0
6626.23,62.64,-2.48,0,1,0,0
6631.29,62.64,-2.48,0,1,0,0
6636.35,62.64,-2.48,0,1,0,0
6641.41,62.64,-2.48,0,1,0,0
6646.47,62.64,-2.48,0,1,0,0
6651.53,62.64,-2.48,0,1,0,0
6656.60,62.64,-2.48,0,1,0,0
6661.65,62.64,-2.48,0,1,0,0
6666.72,62.64,-2.48,0,1,0,0
6671.79,62.64,-2.48,0,1,0,0
6676.86,62.64,-2.48,0,1,0,0
6681.93,62.64,-2.48,0,1,0,0
6687.00,62.64,-2.48,0,1,0,0
6692.06,62.64,-2.48,0,1,0,0
6697.13,62.64,-2.48,0,1,0,0
6702.20,62.88,1.02,0,1,0,0
6707.26,62.88,1.02,0,1,0,0
6712.33,62.88,1.02,0,1,0,0
6717.40,62.88,1.02,0,1,0,0
6722.46,62.88,1.02,0,1,0,0
6727.53,62.88,1.02,0,1,0,0
6732.60,62.88,1.02,0,1,0,0
6737.67,62.88,1.02,0,1,0,0
6742.74,62.88,1.02,0,1,0,0
6747.81,62.88,1.02,0,1,0,0
6752.87,62.88,1.02,0,1,0,0
6757.94,62.88,1.02,0,1,0,0
6763.00,62.88,1.02,0,1,0,0
6768.07,62.88,1.02,0,1,0,0
6773.14,62.88,1.02,0,1,0,0
6778.20,62.88,1.02,0,1,0,0
6783.27,62.88,1.02,0,1,0,0
6788.34,63.12,2.82,0,1,0,0
6793.44,63.12,2.82,0,1,0,0
6798.51,63.12,2.82,0,1,0,0
6803.58,63.12,2.82,0,1,0,0
6808.64,63.12,2.82,0,1,0,0
6813.71,63.12,2.82,0,1,0,0
6818.78,63.12,2.82,0,1,0,0
6823.84,63.12,2.82,0,1,0,0
6828.91,63.12,2.82,0,1,0,0
6833.98,63.12,2.82,0,1,0,0
6839.04,63.12,2.82,0,1,0,0
6844.11,63.12,2.82,0,1,0,0
6849.18,63.12,2.82,0,1,0,0
6854.24,63.12,2.82,0,1,0,0
6859.30,63.12,2.82,0,1,0,0
6864.36,63.12,2.82,0,1,0,0
6869.42,63.12,2.82,0,1,0,0
6874.48,63.12,2.82,0,1,0,0
6879.54,63.12,2.82,0,1,0,0
6884.60,63.12,2.82,0,1,0,0
6889.66,63.12,2.82,0,1,0,0
6894.72,63.12,2.82,0,1,0,0
6899.78,63.12,2.82,0,1,0,0
6904.84,63.12,2.82,0,1,0,0
6909.90,63.12,2.82,0,1,0,0
6914.96,63.12,2.82,0,1,0,0
6920.02,63.12,2.82,0,1,0,0
6925.08,63.12,2.82,0,1,0,0
6930.14,63.12,2.82,0,1,0,0
6935.20,63.12,2.82,0,1,0,0
6940.26,63.12,2.82,0,1,0,0
6945.32,63.12,2.82,0,1,0,0
6950.38,63.12,2.82,0,1,0,0
6955.44,63.12,2.82,0,1,0,0
6960.50,63.12,2.82,0,1,0,0
6965.57,63.12,2.82,0,1,0,0
6970.63,63.12,2.82,0,1,0,0
6975.69,63.12,2.82,0,1,0,0
6980.74,63.12,2.82,0,1,0,0
6985.81,63.12,2.82,0,1,0,0
6990.87,63.12,2.82,0,1,0,0
6995.93,63.36,1.16,0,1,0,0
7000.99,63.36,1.16,0,1,0,0
7006.06,63.36,1.16,0,1,0,0
7011.11,63.36,1.16,0,1,0,0
7016.18,63.36,1.16,0,1,0,0
7021.24,63.36,1.16,0,1,0,0
7026.30,63.36,1.16,0,1,0,0
7031.36,63.36,1.16,0,1,0,0
7036.42,63.36,1.16,0,1,0,0
7041.48,63.36,1.16,0,1,0,0
7046.55,63.36,1.16,0,1,0,0
7051.61,63.12,-4.11,0,1,0,0
7056.67,63.12,-4.11,0,1,0,0
7061.73,63.12,-4.11,0,1,0,0
7066.79,63.12,-4.11,0,1,0,0
7071.85,63.12,-4.11,0,1,0,0
7076.91,63.12,-4.11,0,1,0,0
7081.98,63.12,-4.11,0,1,0,0
7087.03,63.12,-4.11,0,1,0,0
7092.09,63.12,-4.11,0,1,0,0
7097.15,63.12,-4.11,0,1,0,0
7102.21,63.12,-4.11,0,1,0,0
7107.27,63.12,-4.11,0,1,0,0
7112.34,62.88,-4.17,0,1,0,0
7117.40,62.88,-4.17,0,1,0,0
7122.46,62.88,-4.17,0,1,0,0
7127.52,62.88,-4.17,0,1,0,0
7132.58,62.88,-4.17,0,1,0,0
7137.64,62.88,-4.17,0,1,0,0
7142.70,62.88,-4.17,0,1,0,0
7147.76,62.88,-4.17,0,1,0,0
7152.82,62.88,-4.17,0,1,0,0
7157.88,62.88,-4.17,0,1,0,0
7162.94,62.88,-4.17,0,1,0,0
7168.00,62.88,-4.17,0,1,0,0
7173.06,62.64,-3.90,0,1,0,0
7178.12,62.64,-3.90,0,1,0,0
7183.18,62.64,-3.90,0,1,0,0
7188.24,62.64,-3.90,0,1,0,0
7193.30,62.64,-3.90,0,1,0,0
7198.36,62.64,-3.90,0,1,0,0
7203.42,62.64,-3.90,0,1,0,0
7208.48,62.64,-3.90,0,1,0,0
7213.54,62.64,-3.90,0,1,0,0
7218.60,62.64,-3.90,0,1,0,0
7223.66,62.64,-3.90,0,1,0,0
7228.72,62.64,-3.90,0,1,0,0
7233.78,62.64,-3.90,0,1,0,0
7238.84,62.64,-3.90,0,1,0,0
7243.90,62.64,-3.90,0,1,0,0
7248.96,62.64,-3.90,0,1,0,0
7254.02,62.40,-2.84,0,1,0,0
7259.09,62.40,-2.84,0,1,0,0
7264.15,62.40,-2.84,0,1,0,0
7269.21,62.40,-2.84,0,1,0,0
7274.27,62.40,-2.84,0,1,0,0
7279.33,62.40,-2.84,0,1,0,0
7284.39,62.40,-2.84,0,1,0,0
7289.46,62.40,-2.84,0,1,0,0
7294.52,62.40,-2.84,0,1,0,0
7299.58,62.40,-2.84,0,1,0,0
7304.64,62.40,-2.84,0,1,0,0
7309.70,62.40,-2.84,0,1,0,0
7314.76,62.40,-2.84,0,1,0,0
7319.83,62.40,-2.84,0,1,0,0
7324.89,62.40,-2.84,0,1,0,0
7329.95,62.40,-2.84,0,1,0,0
7335.01,62.40,-2.84,0,1,0,0
7340.07,62.40,-2.84,0,1,0,0
7345.13,62.40,-2.84,0,1,0,0
7350.20,62.40,-2.84,0,1,0,0
7355.26,62.16,-2.41,0,1,0,0
7360.32,62.16,-2.41,0,1,0,0
7365.38,62.16,-2.41,0,1,0,0
7370.44,62.16,-2.41,0,1,0,0
7375.50,62.16,-2.41,0,1,0,0
7380.56,62.16,-2.41,0,1,0,0
7385.62,62.16,-2.41,0,1,0,0
7390.68,62.16,-2.41,0,1,0,0
7395.74,62.16,-2.41,0,1,0,0
7400.80,62.16,-2.41,0,1,0,0
7405.86,62.16,-2.41,0,1,0,0
7410.92,62.16,-2.41,0,1,0,0
7415.98,62.16,-2.41,0,1,0,0
7421.04,62.16,-2.41,0,1,0,0
7426.10,62.16,-2.41,0,1,0,0
7431.16,62.16,-2.41,0,1,0,0
7436.23,62.16,-2.41,0,1,0,0
7441.28,62.16,-2.41,0,1,0,0
7446.35,62.16,-2.41,0,1,0,0
7451.41,62.16,-2.41,0,1,0,0
7456.47,62.16,-2.41,0,1,0,0
7461.53,62.16,-2.41,0,1,0,0
7466.59,62.16,-2.41,0,1,0,0
7471.65,62.16,-2.41,0,1,0,0
7476.71,62.16,-2.41,0,1,0,0
7481.77,62.16,-2.41,0,1,0,0
7486.83,62.16,-2.41,0,1,0,0
7491.89,62.16,-2.41,0,1,0,0
7496.95,62.16,-2.41,0,1,0,0
7502.01,62.16,-2.41,0,1,0,0
7507.07,62.16,-2.41,0,1,0,0
7512.13,62.16,-2.41,0,1,0,0
7517.19,62.40,1.49,0,1,0,0
7522.26,62.40,1.49,0,1,0,0
7527.32,62.40,1.49,0,1,0,0
7532.38,62.40,1.49,0,1,0,0
7537.44,62.40,1.49,0,1,0,0
7542.55,62.40,1.49,0,1,0,0
7547.61,62.40,1.49,0,1,0,0
7552.67,62.40,1.49,0,1,0,0
7557.73,62.64,5.90,0,1,0,0
7562.79,62.64,5.90,0,1,0,0
7567.85,62.64,5.90,0,1,0,0
7572.92,62.64,5.90,0,1,0,0
7577.98,62.64,5.90,0,1,0,0
7583.04,62.64,5.90,0,1,0,0
7588.10,62.88,8.09,0,1,0,0
7593.17,62.88,8.09,0,1,0,0
7598.23,62.88,8.09,0,1,0,0
7603.29,62.88,8.09,0,1,0,0
7608.35,62.88,8.09,0,1,0,0
7613.41,62.88,8.09,0,1,0,0
7618.47,63.12,7.32,0,1,0,0
7623.54,63.12,7.32,0,1,0,0
7628.60,63.12,7.32,0,1,0,0
7633.66,63.12,7.32,0,1,0,0
7638.72,63.12,7.32,0,1,0,0
7643.78,63.12,7.32,0,1,0,0
7648.84,63.12,7.32,0,1,0,0
7653.90,63.12,7.32,0,1,0,0
7658.96,63.12,7.32,0,1,0,0
7664.02,63.12,7.32,0,1,0,0
7669.08,63.12,7.32,0,1,0,0
7674.14,63.12,7.32,0,1,0,0
7679.20,63.12,7.32,0,1,0,0
7684.26,63.12,7.32,0,1,0,0
7689.32,63.12,7.32,0,1,0,0
7694.38,63.12,7.32,0,1,0,0
7699.44,63.12,7.32,0,1,0,0
7704.50,63.12,7.32,0,1,0,0
7709.56,63.12,7.32,0,1,0,0
7714.62,63.12,7.32,0,1,0,0
7719.68,63.12,7.32,0,1,0,0
7724.74,63.12,7.32,0,1,0,0
7729.80,63.12,7.32,0,1,0,0
7734.86,63.12,7.32,0,1,0,0
7739.92,63.12,7.32,0,1,0,0
7744.98,62.88,-1.93,0,1,0,0
7750.04,62.88,-1.93,0,1,0,0
7755.10,62.88,-1.93,0,1,0,0
7760.16,62.88,-1.93,0,1,0,0
7765.23,62.88,-1.93,0,1,0,0
7770.28,62.88,-1.93,0,1,0,0
7775.35,62.88,-1.93,0,1,0,0
7780.41,62.64,-6.28,0,1,0,0
7785.47,62.64,-6.28,0,1,0,0
7790.53,62.64,-6.28,0,1,0,0
7795.59,62.64,-6.28,0,1,0,0
7800.65,62.64,-6.28,0,1,0,0
7805.71,62.40,-9.65,0,1,0,0
7810.77,62.40,-9.65,0,1,0,0
7815.84,62.40,-9.65,0,1,0,0
7820.90,62.40,-9.65,0,1,0,0
7825.96,62.16,-12.59,0,1,0,0
7831.02,62.16,-12.59,0,1,0,0
7836.09,62.16,-12.59,0,1,0,0
7841.15,61.92,-15.02,0,1,0,0
7846.21,61.92,-15.02,0,1,0,0
7851.27,61.92,-15.02,0,1,0,0
7856.34,61.68,-17.18,0,1,0,0
7861.40,61.68,-17.18,0,1,0,0
7866.46,61.68,-17.18,0,1,0,0
7871.52,61.44,-18.12,0,1,0,0
7876.59,61.44,-18.12,0,1,0,0
7881.65,61.20,-17.78,0,1,0,0
7886.71,61.20,-17.78,0,1,0,0
7891.77,61.20,-17.78,0,1,0,0
7896.83,60.96,-17.47,0,1,0,0
7901.89,60.96,-17.47,0,1,0,0
7906.93,60.96,-17.47,0,1,0,0
7911.99,60.72,-17.64,0,1,0,0
7917.05,60.72,-17.64,0,1,0,0
7922.11,60.48,-17.80,0,1,0,0
7927.17,60.48,-17.80,0,1,0,0
7932.23,60.48,-17.80,0,1,0,0
7937.29,60.24,-16.94,0,1,0,0
7942.35,60.24,-16.94,0,1,0,0
7947.41,60.24,-16.94,0,1,0,0
7952.47,60.00,-15.01,0,1,0,0
7957.53,60.00,-15.01,0,1,0,0
7962.60,60.00,-15.01,0,1,0,0
7967.66,60.00,-15.01,0,1,0,0
7972.72,59.76,-13.26,0,1,0,0
7977.78,59.76,-13.26,0,1,0,0
7982.84,59.76,-13.26,0,1,0,0
7987.91,59.76,-13.26,0,1,0,0
7992.97,59.52,-12.32,0,1,0,0
7998.03,59.52,-12.32,0,1,0,0
8003.09,59.52,-12.32,0,1,0,0
8008.16,59.52,-12.32,0,1,0,0
8013.22,59.28,-11.79,0,1,0,0
8018.28,59.28,-11.79,0,1,0,0
8023.34,59.28,-11.79,0,1,0,0
8028.40,59.28,-11.79,0,1,0,0
8033.47,59.04,-12.31,0,1,0,0
8038.53,59.04,-12.31,0,1,0,0
8043.60,59.04,-12.31,0,1,0,0
8048.66,59.04,-12.31,0,1,0,0
8053.72,58.80,-11.86,0,1,0,0
8058.78,58.80,-11.86,0,1,0,0
8063.85,58.80,-11.86,0,1,0,0
8068.91,58.80,-11.86,0,1,0,0
8073.97,58.80,-11.86,0,1,0,0
8079.03,58.80,-11.86,0,1,0,0
8084.09,58.56,-7.61,0,1,0,0
8089.16,58.56,-7.61,0,1,0,0
8094.22,58.56,-7.61,0,1,0,0
8099.28,58.56,-7.61,0,1,0,0
8104.34,58.56,-7.61,0,1,0,0
8109.40,58.56,-7.61,0,1,0,0
8114.47,58.56,-7.61,0,1,0,0
8119.53,58.56,-7.61,0,1,0,0
8124.59,58.56,-7.61,0,1,0,0
8129.65,58.32,-5.08,0,1,0,0
8134.71,58.32,-5.08,0,1,0,0
8139.77,58.32,-5.08,0,1,0,0
8144.84,58.32,-5.08,0,1,0,0
8149.90,58.32,-5.08,0,1,0,0
8154.96,58.32,-5.08,0,1,0,0
8160.02,58.32,-5.08,0,1,0,0
8165.08,58.32,-5.08,0,1,0,0
8170.15,58.32,-5.08,0,1,0,0
8175.21,58.32,-5.08,0,1,0,0
8180.27,58.32,-5.08,0,1,0,0
8185.34,58.32,-5.08,0,1,0,0
8190.40,58.08,-3.91,0,1,0,0
8195.46,58.08,-3.91,0,1,0,0
8200.52,58.08,-3.91,0,1,0,0
8205.58,58.08,-3.91,0,1,0,0
8210.64,58.08,-3.91,0,1,0,0
8215.70,58.08,-3.91,0,1,0,0
8220.76,58.08,-3.91,0,1,0,0
8225.82,58.08,-3.91,0,1,0,0
8230.88,58.08,-3.91,0,1,0,0
8235.94,58.08,-3.91,0,1,0,0
8241.00,58.08,-3.91,0,1,0,0
8246.06,58.08,-3.91,0,1,0,0
8251.12,58.08,-3.91,0,1,0,0
8256.18,58.08,-3.91,0,1,0,0
8261.24,58.08,-3.91,0,1,0,0
8266.30,58.08,-3.91,0,1,0,0
8271.36,58.08,-3.91,0,1,0,0
8276.42,58.08,-3.91,0,1,0,0
8281.52,58.08,-3.91,0,1,0,0
8286.58,58.08,-3.91,0,1,0,0
8291.65,58.08,-3.91,0,1,0,0
8296.71,58.08,-3.91,0,1,0,0
8301.77,58.08,-3.91,0,1,0,0
8306.83,58.08,-3.91,0,1,0,0
8311.90,58.08,-3.91,0,1,0,0
8316.95,58.08,-3.91,0,1,0,0
8322.02,58.08,-3.91,0,1,0,0
8327.08,58.08,-3.91,0,1,0,0
8332.14,58.08,-3.91,0,1,0,0
8337.20,58.08,-3.91,0,1,0,0
8342.26,58.08,-3.91,0,1,0,0
8347.33,58.08,-3.91,0,1,0,0
8352.39,58.08,-3.91,0,1,0,0
8357.45,58.08,-3.91,0,1,0,0
8362.51,57.84,-1.39,0,1,0,0
8367.57,57.84,-1.39,0,1,0,0
8372.63,57.84,-1.39,0,1,0,0
8377.69,57.84,-1.39,0,1,0,0
8382.76,57.84,-1.39,0,1,0,0
8387.82,57.84,-1.39,0,1,0,0
8392.88,57.84,-1.39,0,1,0,0
8397.94,57.84,-1.39,0,1,0,0
8403.00,57.84,-1.39,0,1,0,0
8408.06,57.84,-1.39,0,1,0,0
8413.13,57.84,-1.39,0,1,0,0
8418.19,57.84,-1.39,0,1,0,0
8423.25,57.84,-1.39,0,1,0,0
8428.31,57.84,-1.39,0,1,0,0
8433.37,57.84,-1.39,0,1,0,0
8438.43,57.84,-1.39,0,1,0,0
8443.50,57.84,-1.39,0,1,0,0
8448.56,57.84,-1.39,0,1,0,0
8453.61,57.84,-1.39,0,1,0,0
8458.67,57.84,-1.39,0,1,0,0
8463.74,57.60,-2.48,0,1,0,0
8468.80,57.60,-2.48,0,1,0,0
8473.85,57.60,-2.48,0,1,0,0
8478.92,57.60,-2.48,0,1,0,0
8483.98,57.60,-2.48,0,1,0,0
8489.03,57.60,-2.48,0,1,0,0
8494.09,57.60,-2.48,0,1,0,0
8499.15,57.60,-2.48,0,1,0,0
8504.21,57.60,-2.48,0,1,0,0
8509.27,57.60,-2.48,0,1,0,0
8514.33,57.60,-2.48,0,1,0,0
8519.39,57.60,-2.48,0,1,0,0
8524.45,57.60,-2.48,0,1,0,0
8529.51,57.60,-2.48,0,1,0,0
8534.57,57.60,-2.48,0,1,0,0
8539.63,57.60,-2.48,0,1,0,0
8544.69,57.60,-2.48,0,1,0,0
8549.75,57.60,-2.48,0,1,0,0
8554.81,57.60,-2.48,0,1,0,0
8559.87,57.60,-2.48,0,1,0,0
8564.93,57.60,-2.48,0,1,0,0
8569.99,57.60,-2.48,0,1,0,0
8575.05,57.60,-2.48,0,1,0,0
8580.11,57.60,-2.48,0,1,0,0
8585.17,57.60,-2.48,0,1,0,0
8590.23,57.60,-2.48,0,1,0,0
8595.29,57.60,-2.48,0,1,0,0
8600.35,57.60,-2.48,0,1,0,0
8605.41,57.60,-2.48,0,1,0,0
8610.47,57.60,-2.48,0,1,0,0
8615.53,57.60,-2.48,0,1,0,0
8620.59,57.60,-2.48,0,1,0,0
8625.65,57.60,-2.48,0,1,0,0
8630.71,57.60,-2.48,0,1,0,0
8635.77,57.60,-2.48,0,1,0,0
8640.83,57.60,-2.48,0,1,0,0
8645.89,57.60,-2.48,0,1,0,0
8650.95,57.60,-2.48,0,1,0,0
8656.01,57.60,-2.48,0,1,0,0
8661.07,57.60,-2.48,0,1,0,0
8666.14,57.60,-2.48,0,1,0,0
8671.20,57.60,-2.48,0,1,0,0
8676.26,57.60,-2.48,0,1,0,0
8681.32,57.84,1.10,0,1,0,0
8686.38,57.84,1.10,0,1,0,0
8691.44,57.84,1.10,0,1,0,0
8696.51,57.84,1.10,0,1,0,0
8701.57,57.84,1.10,0,1,0,0
8706.63,57.84,1.10,0,1,0,0
8711.69,57.84,1.10,0,1,0,0
8716.75,57.84,1.10,0,1,0,0
8721.82,57.84,1.10,0,1,0,0
8726.88,57.84,1.10,0,1,0,0
8731.94,57.84,1.10,0,1,0,0
8737.00,57.84,1.10,0,1,0,0
8742.06,57.84,1.10,0,1,0,0
8747.12,57.84,1.10,0,1,0,0
8752.18,57.84,1.10,0,1,0,0
8757.24,57.84,1.10,0,1,0,0
8762.30,57.84,1.10,0,1,0,0
8767.36,57.84,1.10,0,1,0,0
8772.42,57.84,1.10,0,1,0,0
8777.48,57.84,1.10,0,1,0,0
8782.54,57.84,1.10,0,1,0,0
8787.60,57.84,1.10,0,1,0,0
8792.66,57.84,1.10,0,1,0,0
8797.72,57.84,1.10,0,1,0,0
8802.78,57.84,1.10,0,1,0,0
8807.84,57.84,1.10,0,1,0,0
8812.90,57.60,-1.78,0,1,0,0
8817.96,57.60,-1.78,0,1,0,0
8823.02,57.60,-1.78,0,1,0,0
8828.08,57.60,-1.78,0,1,0,0
8833.14,57.60,-1.78,0,1,0,0
8838.20,57.60,-1.78,0,1,0,0
8843.26,57.60,-1.78,0,1,0,0
8848.32,57.60,-1.78,0,1,0,0
8853.38,57.60,-1.78,0,1,0,0
8858.44,57.60,-1.78,0,1,0,0
8863.50,57.60,-1.78,0,1,0,0
8868.56,57.60,-1.78,0,1,0,0
8873.62,57.60,-1.78,0,1,0,0
8878.68,57.60,-1.78,0,1,0,0
8883.74,57.60,-1.78,0,1,0,0
8888.80,57.60,-1.78,0,1,0,0
8893.86,57.60,-1.78,0,1,0,0
8898.92,57.60,-1.78,0,1,0,0
8903.98,57.60,-1.78,0,1,0,0
8909.04,57.60,-1.78,0,1,0,0
8914.10,57.60,-1.78,0,1,0,0
8919.16,57.60,-1.78,0,1,0,0
8924.22,57.60,-1.78,0,1,0,0
8929.28,57.60,-1.78,0,1,0,0
8934.34,57.60,-1.78,0,1,0,0
8939.41,57.60,-1.78,0,1,0,0
8944.47,57.60,-1.78,0,1,0,0
8949.53,57.60,-1.78,0,1,0,0
8954.59,57.60,-1.78,0,1,0,0
8959.65,57.60,-1.78,0,1,0,0
8964.71,57.60,-1.78,0,1,0,0
8969.77,57.60,-1.78,0,1,0,0
8974.83,57.60,-1.78,0,1,0,0
8979.90,57.60,-1.78,0,1,0,0
8984.96,57.60,-1.78,0,1,0,0
8990.02,57.60,-1.78,0,1,0,0
8995.08,57.60,-1.78,0,1,0,0
9000.14,57.60,-1.78,0,1,0,0
9005.20,57.60,-1.78,0,1,0,0
9010.26,57.60,-1.78,0,1,0,0
9015.32,57.60,-1.78,0,1,0,0
9020.38,57.60,-1.78,0,1,0,0
9025.44,57.60,-1.78,0,1,0,0
9030.53,57.60,-1.78,0,1,0,0
9035.59,57.60,-1.78,0,1,0,0
9040.65,57.60,-1.78,0,1,0,0
9045.71,57.60,-1.78,0,1,0,0
9050.77,57.60,-1.78,0,1,0,0
9055.83,57.60,-1.78,0,1,0,0
9060.89,57.60,-1.78,0,1,0,0
9065.95,57.60,-1.78,0,1,0,0
9071.01,57.60,-1.78,0,1,0,0
9076.07,57.60,-1.78,0,1,0,0
9081.13,57.60,-1.78,0,1,0,0
9086.19,57.60,-1.78,0,1,0,0
9091.25,57.60,-1.78,0,1,0,0
9096.31,57.60,-1.78,0,1,0,0
9101.37,57.60,-1.78,0,1,0,0
9106.43,57.60,-1.78,0,1,0,0
9111.49,57.60,-1.78,0,1,0,0
9116.55,57.60,-1.78,0,1,0,0
9121.61,57.60,-1.78,0,1,0,0
9126.67,57.60,-1.78,0,1,0,0
9131.73,57.60,-1.78,0,1,0,0
9136.79,57.60,-1.78,0,1,0,0
9141.85,57.60,-1.78,0,1,0,0
9146.91,57.60,-1.78,0,1,0,0
9151.97,57.60,-1.78,0,1,0,0
9157.03,57.60,-1.78,0,1,0,0
9162.09,57.60,-1.78,0,1,0,0
9167.15,57.60,-1.78,0,1,0,0
9172.21,57.60,-1.78,0,1,0,0
9177.27,57.60,-1.78,0,1,0,0
9182.33,57.60,-1.78,0,1,0,0
9187.39,57.60,-1.78,0,1,0,0
9192.45,57.60,-1.78,0,1,0,0
9197.51,57.60,-1.78,0,1,0,0
9202.58,57.60,-1.78,0,1,0,0
9207.64,57.60,-1.78,0,1,0,0
9212.70,57.60,-1.78,0,1,0,0
9217.76,57.60,-1.78,0,1,0,0
9222.82,57.60,-1.78,0,1,0,0
9227.88,57.60,-1.78,0,1,0,0
9232.95,57.60,-1.78,0,1,0,0
9238.01,57.60,-1.78,0,1,0,0
9243.07,57.60,-1.78,0,1,0,0
9248.13,57.60,-1.78,0,1,0,0
9253.19,57.60,-1.78,0,1,0,0
9258.25,57.60,-1.78,0,1,0,0
9263.32,57.60,-1.78,0,1,0,0
9268.38,57.60,-1.78,0,1,0,0
9273.44,57.60,-1.78,0,1,0,0
9278.50,57.60,-1.78,0,1,0,0
9283.56,57.60,-1.78,0,1,0,0
9288.62,57.60,-1.78,0,1,0,0
9293.68,57.60,-1.78,0,1,0,0
9298.74,57.60,-1.78,0,1,0,0
9303.80,57.60,-1.78,0,1,0,0
9308.86,57.60,-1.78,0,1,0,0
9313.92,57.84,0.48,0,1,0,0
9318.98,57.84,0.48,0,1,0,0
9324.04,57.84,0.48,0,1,0,0
9329.10,57.84,0.48,0,1,0,0
9334.17,57.84,0.48,0,1,0,0
9339.23,57.84,0.48,0,1,0,0
9344.29,57.84,0.48,0,1,0,0
9349.35,57.84,0.48,0,1,0,0
9354.41,57.84,0.48,0,1,0,0
9359.47,57.84,0.48,0,1,0,0
9364.54,57.84,0.48,0,1,0,0
9369.60,57.84,0.48,0,1,0,0
9374.66,57.84,0.48,0,1,0,0
9379.72,57.84,0.48,0,1,0,0
9384.78,57.84,0.48,0,1,0,0
9389.84,57.84,0.48,0,1,0,0
9394.91,57.84,0.48,0,1,0,0
9399.97,57.84,0.48,0,1,0,0
9405.03,57.84,0.48,0,1,0,0
9410.09,57.84,0.48,0,1,0,0
9415.15,57.84,0.48,0,1,0,0
9420.21,58.08,2.28,0,1,0,0
9425.28,58.08,2.28,0,1,0,0
9430.34,58.08,2.28,0,1,0,0
9435.40,58.08,2.28,0,1,0,0
9440.46,58.08,2.28,0,1,0,0
9445.52,58.08,2.28,0,1,0,0
9450.58,58.08,2.28,0,1,0,0
9455.65,58.08,2.28,0,1,0,0
9460.71,58.08,2.28,0,1,0,0
9465.77,58.08,2.28,0,1,0,0
9470.83,58.32,4.57,0,1,0,0
9475.89,58.32,4.57,0,1,0,0
9480.95,58.32,4.57,0,1,0,0
9486.02,58.32,4.57,0,1,0,0
9491.08,58.32,4.57,0,1,0,0
9496.14,58.32,4.57,0,1,0,0
9501.20,58.32,4.57,0,1,0,0
9506.26,58.32,4.57,0,1,0,0
9511.32,58.56,5.91,0,1,0,0
9516.39,58.56,5.91,0,1,0,0
9521.44,58.56,5.91,0,1,0,0
9526.51,58.56,5.91,0,1,0,0
9531.57,58.56,5.91,0,1,0,0
9536.63,58.56,5.91,0,1,0,0
9541.69,58.56,5.91,0,1,0,0
9546.75,58.80,6.82,0,1,0,0
9551.81,58.80,6.82,0,1,0,0
9556.88,58.80,6.82,0,1,0,0
9561.94,58.80,6.82,0,1,0,0
9567.00,58.80,6.82,0,1,0,0
9572.06,58.80,6.82,0,1,0,0
9577.12,58.80,6.82,0,1,0,0
9582.18,58.80,6.82,0,1,0,0
9587.24,59.04,5.87,0,1,0,0
9592.30,59.04,5.87,0,1,0,0
9597.36,59.04,5.87,0,1,0,0
9602.42,59.04,5.87,0,1,0,0
9607.49,59.04,5.87,0,1,0,0
9612.55,59.04,5.87,0,1,0,0
9617.61,59.04,5.87,0,1,0,0
9622.67,59.04,5.87,0,1,0,0
9627.73,59.04,5.87,0,1,0,0
9632.79,59.04,5.87,0,1,0,0
9637.85,59.04,5.87,0,1,0,0
9642.92,59.04,5.87,0,1,0,0
9647.98,59.04,5.87,0,1,0,0
9653.04,59.04,5.87,0,1,0,0
9658.10,59.04,5.87,0,1,0,0
9663.16,59.04,5.87,0,1,0,0
9668.23,59.04,5.87,0,1,0,0
9673.28,59.04,5.87,0,1,0,0
9678.35,59.04,5.87,0,1,0,0
9683.41,59.04,5.87,0,1,0,0
9688.47,59.04,5.87,0,1,0,0
9693.53,59.04,5.87,0,1,0,0
9698.59,59.04,5.87,0,1,0,0
9703.65,59.04,5.87,0,1,0,0
9708.72,59.04,5.87,0,1,0,0
9713.78,59.04,5.87,0,1,0,0
9718.84,59.04,5.87,0,1,0,0
9723.90,59.04,5.87,0,1,0,0
9728.96,59.04,5.87,0,1,0,0
9734.02,59.04,5.87,0,1,0,0
9739.08,59.04,5.87,0,1,0,0
9744.14,59.04,5.87,0,1,0,0
9749.21,59.04,5.87,0,1,0,0
9754.27,59.04,5.87,0,1,0,0
9759.33,59.04,5.87,0,1,0,0
9764.39,59.04,5.87,0,1,0,0
9769.45,59.04,5.87,0,1,0,0
9774.51,59.04,5.87,0,1,0,0
9779.58,59.04,5.87,0,1,0,0
9784.65,59.04,5.87,0,1,0,0
9789.72,59.04,5.87,0,1,0,0
9794.78,59.04,5.87,0,1,0,0
9799.84,59.04,5.87,0,1,0,0
9804.90,59.28,1.10,0,1,0,0
9809.96,59.28,1.10,0,1,0,0
9815.02,59.28,1.10,0,1,0,0
9820.08,59.28,1.10,0,1,0,0
9825.14,59.28,1.10,0,1,0,0
9830.21,59.28,1.10,0,1,0,0
9835.27,59.28,1.10,0,1,0,0
9840.33,59.28,1.10,0,1,0,0
9845.39,59.28,1.10,0,1,0,0
9850.45,59.28,1.10,0,1,0,0
9855.51,59.28,1.10,0,1,0,0
9860.57,59.28,1.10,0,1,0,0
9865.63,59.28,1.10,0,1,0,0
9870.69,59.28,1.10,0,1,0,0
9875.75,59.28,1.10,0,1,0,0
9880.81,59.28,1.10,0,1,0,0
9885.87,59.28,1.10,0,1,0,0
9890.93,59.28,1.10,0,1,0,0
9895.99,59.28,1.10,0,1,0,0
9901.05,59.28,1.10,0,1,0,0
9906.11,59.28,1.10,0,1,0,0
9911.18,59.28,1.10,0,1,0,0
9916.24,59.28,1.10,0,1,0,0
9921.30,59.28,1.10,0,1,0,0
9926.36,59.28,1.10,0,1,0,0
9931.42,59.28,1.10,0,1,0,0
9936.48,59.28,1.10,0,1,0,0
9941.55,59.28,1.10,0,1,0,0
9946.61,59.28,1.10,0,1,0,0
9951.67,59.28,1.10,0,1,0,0
9956.73,59.28,1.10,0,1,0,0
9961.79,59.28,1.10,0,1,0,0
9966.85,59.28,1.10,0,1,0,0
9971.92,59.28,1.10,0,1,0,0
9976.98,59.28,1.10,0,1,0,0
9982.04,59.28,1.10,0,1,0,0
9987.10,59.28,1.10,0,1,0,0
9992.16,59.28,1.10,0,1,0,0
9997.22,59.28,1.10,0,1,0,0
10002.28,59.28,1.10,0,1,0,0
10007.34,59.28,1.10,0,1,0,0
10012.41,59.28,1.10,0,1,0,0
10017.47,59.28,1.10,0,1,0,0
10022.53,59.28,1.10,0,1,0,0
10027.59,59.28,1.10,0,1,0,0
10032.65,59.52,1.07,0,1,0,0
10037.71,59.52,1.07,0,1,0,0
10042.77,59.52,1.07,0,1,0,0
10047.83,59.52,1.07,0,1,0,0
10052.90,59.52,1.07,0,1,0,0
10057.96,59.52,1.07,0,1,0,0
10063.02,59.52,1.07,0,1,0,0
10068.08,59.52,1.07,0,1,0,0
10073.15,59.52,1.07,0,1,0,0
10078.20,59.52,1.07,0,1,0,0
10083.27,59.52,1.07,0,1,0,0
10088.33,59.52,1.07,0,1,0,0
10093.39,59.52,1.07,0,1,0,0
10098.45,59.52,1.07,0,1,0,0
10103.51,59.52,1.07,0,1,0,0
10108.57,59.52,1.07,0,1,0,0
10113.63,59.52,1.07,0,1,0,0
10118.69,59.52,1.07,0,1,0,0
10123.75,59.52,1.07,0,1,0,0
10128.81,59.76,2.48,0,1,0,0
10133.87,59.76,2.48,0,1,0,0
10138.93,59.76,2.48,0,1,0,0
10143.99,59.76,2.48,0,1,0,0
10149.05,59.76,2.48,0,1,0,0
10154.11,59.76,2.48,0,1,0,0
10159.17,59.76,2.48,0,1,0,0
10164.23,59.76,2.48,0,1,0,0
10169.29,59.76,2.48,0,1,0,0
10174.35,59.76,2.48,0,1,0,0
10179.41,59.76,2.48,0,1,0,0
10184.47,59.76,2.48,0,1,0,0
10189.53,59.76,2.48,0,1,0,0
10194.59,59.76,2.48,0,1,0,0
10199.65,59.76,2.48,0,1,0,0
10204.71,59.76,2.48,0,1,0,0
10209.77,59.76,2.48,0,1,0,0
10214.83,59.76,2.48,0,1,0,0
10219.89,59.76,2.48,0,1,0,0
10224.95,59.76,2.48,0,1,0,0
10230.01,59.76,2.48,0,1,0,0
10235.07,59.76,2.48,0,1,0,0
10240.13,59.76,2.48,0,1,0,0
10245.20,59.76,2.48,0,1,0,0
10250.26,59.76,2.48,0,1,0,0
10255.32,59.76,2.48,0,1,0,0
10260.38,59.76,2.48,0,1,0,0
10265.45,59.76,2.48,0,1,0,0
10270.51,59.76,2.48,0,1,0,0
10275.57,59.76,2.48,0,1,0,0
10280.63,59.76,2.48,0,1,0,0
10285.69,59.76,2.48,0,1,0,0
10290.75,59.76,2.48,0,1,0,0
10295.82,59.76,2.48,0,1,0,0
10300.88,59.76,2.48,0,1,0,0
10305.94,59.76,2.48,0,1,0,0
10311.00,59.76,2.48,0,1,0,0
10316.06,59.76,2.48,0,1,0,0
10321.12,59.76,2.48,0,1,0,0
10326.19,59.76,2.48,0,1,0,0
10331.25,59.76,2.48,0,1,0,0
10336.31,59.76,2.48,0,1,0,0
10341.37,59.76,2.48,0,1,0,0
10346.43,59.76,2.48,0,1,0,0
10351.49,59.76,2.48,0,1,0,0
10356.56,59.76,2.48,0,1,0,0
10361.62,59.76,2.48,0,1,0,0
10366.68,59.76,2.48,0,1,0,0
10371.74,59.76,2.48,0,1,0,0
10376.80,59.76,2.48,0,1,0,0
10381.86,59.76,2.48,0,1,0,0
10386.93,59.76,2.48,0,1,0,0
10391.99,59.76,2.48,0,1,0,0
10397.05,59.76,2.48,0,1,0,0
10402.11,59.76,2.48,0,1,0,0
10407.17,59.76,2.48,0,1,0,0
10412.23,59.76,2.48,0,1,0,0
10417.29,59.76,2.48,0,1,0,0
10422.35,59.76,2.48,0,1,0,0
10427.41,59.76,2.48,0,1,0,0
10432.47,59.76,2.48,0,1,0,0
10437.52,59.76,2.48,0,1,0,0
10442.58,59.76,2.48,0,1,0,0
10447.64,59.76,2.48,0,1,0,0
10452.70,59.76,2.48,0,1,0,0
10457.76,59.76,2.48,0,1,0,0
10462.82,59.76,2.48,0,1,0,0
10467.89,59.76,2.48,0,1,0,0
10472.95,59.76,2.48,0,1,0,0
10478.01,59.76,2.48,0,1,0,0
10483.07,59.76,2.48,0,1,0,0
10488.13,59.76,2.48,0,1,0,0
10493.19,59.76,2.48,0,1,0,0
10498.26,59.76,2.48,0,1,0,0
10503.32,59.76,2.48,0,1,0,0
10508.38,59.76,2.48,0,1,0,0
10513.44,59.76,2.48,0,1,0,0
10518.50,59.76,2.48,0,1,0,0
10523.56,59.76,2.48,0,1,0,0
10528.63,59.76,2.48,0,1,0,0
10533.71,60.00,0.59,0,1,0,0
10538.77,60.00,0.59,0,1,0,0
10543.83,60.00,0.59,0,1,0,0
10548.89,60.00,0.59,0,1,0,0
10553.95,60.00,0.59,0,1,0,0
10559.02,60.00,0.59,0,1,0,0
10564.08,60.00,0.59,0,1,0,0
10569.14,60.00,0.59,0,1,0,0
10574.20,60.00,0.59,0,1,0,0
10579.26,60.00,0.59,0,1,0,0
10584.32,60.00,0.59,0,1,0,0
10589.39,60.00,0.59,0,1,0,0
10594.44,60.00,0.59,0,1,0,0
10599.51,60.00,0.59,0,1,0,0
10604.57,60.00,0.59,0,1,0,0
10609.63,60.00,0.59,0,1,0,0
10614.69,60.00,0.59,0,1,0,0
10619.75,60.00,0.59,0,1,0,0
10624.82,60.00,0.59,0,1,0,0
10629.88,60.00,0.59,0,1,0,0
10634.94,60.00,0.59,0,1,0,0
10640.00,60.00,0.59,0,1,0,0
10645.06,60.00,0.59,0,1,0,0
10650.12,60.24,2.07,0,1,0,0
10655.18,60.24,2.07,0,1,0,0
10660.25,60.24,2.07,0,1,0,0
10665.31,60.24,2.07,0,1,0,0
10670.37,60.24,2.07,0,1,0,0
10675.43,60.24,2.07,0,1,0,0
10680.49,60.24,2.07,0,1,0,0
10685.55,60.24,2.07,0,1,0,0
10690.61,60.24,2.07,0,1,0,0
10695.67,60.24,2.07,0,1,0,0
10700.73,60.24,2.07,0,1,0,0
10705.78,60.24,2.07,0,1,0,0
10710.84,60.24,2.07,0,1,0,0
10715.91,60.24,2.07,0,1,0,0
10720.97,60.24,2.07,0,1,0,0
10726.02,60.24,2.07,0,1,0,0
10731.08,60.24,2.07,0,1,0,0
10736.14,60.24,2.07,0,1,0,0
10741.20,60.24,2.07,0,1,0,0
10746.26,60.24,2.07,0,1,0,0
10751.32,60.24,2.07,0,1,0,0
10756.38,60.24,2.07,0,1,0,0
10761.44,60.24,2.07,0,1,0,0
10766.50,60.24,2.07,0,1,0,0
10771.56,60.24,2.07,0,1,0,0
10776.62,60.24,2.07,0,1,0,0
10781.68,60.24,2.07,0,1,0,0
10786.74,60.24,2.07,0,1,0,0
10791.80,60.24,2.07,0,1,0,0
10796.86,60.24,2.07,0,1,0,0
10801.92,60.24,2.07,0,1,0,0
10806.98,60.24,2.07,0,1,0,0
10812.04,60.24,2.07,0,1,0,0
10817.10,60.24,2.07,0,1,0,0
10822.16,60.24,2.07,0,1,0,0
10827.22,60.24,2.07,0,1,0,0
10832.28,60.24,2.07,0,1,0,0
10837.34,60.24,2.07,0,1,0,0
10842.40,60.48,1.24,0,1,0,0
10847.46,60.48,1.24,0,1,0,0
10852.52,60.48,1.24,0,1,0,0
10857.58,60.48,1.24,0,1,0,0
10862.64,60.48,1.24,0,1,0,0
10867.70,60.48,1.24,0,1,0,0
10872.76,60.48,1.24,0,1,0,0
10877.82,60.48,1.24,0,1,0,0
10882.88,60.48,1.24,0,1,0,0
10887.94,60.48,1.24,0,1,0,0
10893.00,60.48,1.24,0,1,0,0
10898.06,60.48,1.24,0,1,0,0
10903.12,60.48,1.24,0,1,0,0
10908.18,60.48,1.24,0,1,0,0
10913.24,60.48,1.24,0,1,0,0
10918.30,60.48,1.24,0,1,0,0
10923.36,60.48,1.24,0,1,0,0
10928.42,60.48,1.24,0,1,0,0
10933.48,60.48,1.24,0,1,0,0
10938.54,60.48,1.24,0,1,0,0
10943.60,60.48,1.24,0,1,0,0
10948.66,60.48,1.24,0,1,0,0
10953.72,60.48,1.24,0,1,0,0
10958.78,60.48,1.24,0,1,0,0
10963.84,60.48,1.24,0,1,0,0
10968.90,60.48,1.24,0,1,0,0
10973.96,60.48,1.24,0,1,0,0
10979.02,60.48,1.24,0,1,0,0
10984.08,60.48,1.24,0,1,0,0
10989.15,60.48,1.24,0,1,0,0
10994.21,60.48,1.24,0,1,0,0
10999.27,60.48,1.24,0,1,0,0
11004.33,60.48,1.24,0,1,0,0
11009.40,60.48,1.24,0,1,0,0
11014.45,60.48,1.24,0,1,0,0
11019.51,60.48,1.24,0,1,0,0
11024.58,60.48,1.24,0,1,0,0
11029.64,60.48,1.24,0,1,0,0
11034.69,60.48,1.24,0,1,0,0
11039.75,60.48,1.24,0,1,0,0
11044.82,60.48,1.24,0,1,0,0
11049.87,60.48,1.24,0,1,0,0
11054.93,60.48,1.24,0,1,0,0
11059.99,60.48,1.24,0,1,0,0
11065.05,60.48,1.24,0,1,0,0
11070.11,60.48,1.24,0,1,0,0
11075.17,60.48,1.24,0,1,0,0
11080.23,60.48,1.24,0,1,0,0
11085.29,60.48,1.24,0,1,0,0
11090.35,60.48,1.24,0,1,0,0
11095.42,60.48,1.24,0,1,0,0
11100.48,60.48,1.24,0,1,0,0
11105.54,60.48,1.24,0,1,0,0
11110.60,60.48,1.24,0,1,0,0
11115.66,60.48,1.24,0,1,0,0
11120.72,60.48,1.24,0,1,0,0
11125.79,60.48,1.24,0,1,0,0
11130.85,60.48,1.24,0,1,0,0
11135.91,60.48,1.24,0,1,0,0
11140.97,60.48,1.24,0,1,0,0
11146.03,60.48,1.24,0,1,0,0
11151.09,60.48,1.24,0,1,0,0
11156.16,60.48,1.24,0,1,0,0
11161.22,60.48,1.24,0,1,0,0
11166.28,60.48,1.24,0,1,0,0
11171.34,60.48,1.24,0,1,0,0
11176.40,60.48,1.24,0,1,0,0
11181.46,60.48,1.24,0,1,0,0
11186.53,60.48,1.24,0,1,0,0
11191.59,60.48,1.24,0,1,0,0
11196.65,60.48,1.24,0,1,0,0
11201.71,60.48,1.24,0,1,0,0
11206.77,60.48,1.24,0,1,0,0
11211.83,60.48,1.24,0,1,0,0
11216.90,60.48,1.24,0,1,0,0
11221.96,60.72,0.63,0,1,0,0
11227.02,60.72,0.63,0,1,0,0
11232.08,60.72,0.63,0,1,0,0
11237.14,60.72,0.63,0,1,0,0
11242.20,60.72,0.63,0,1,0,0
11247.26,60.72,0.63,0,1,0,0
11252.32,60.72,0.63,0,1,0,0
11257.38,60.72,0.63,0,1,0,0
11262.44,60.72,0.63,0,1,0,0
11267.50,60.72,0.63,0,1,0,0
11272.59,60.72,0.63,0,1,0,0
11277.65,60.72,0.63,0,1,0,0
11282.71,60.72,0.63,0,1,0,0
11287.77,60.72,0.63,0,1,0,0
11292.83,60.72,0.63,0,1,0,0
11297.90,60.72,0.63,0,1,0,0
11302.96,60.72,0.63,0,1,0,0
11308.02,60.72,0.63,0,1,0,0
11313.08,60.72,0.63,0,1,0,0
11318.14,60.72,0.63,0,1,0,0
11323.20,60.72,0.63,0,1,0,0
11328.27,60.72,0.63,0,1,0,0
11333.33,60.72,0.63,0,1,0,0
11338.39,60.72,0.63,0,1,0,0
11343.45,60.72,0.63,0,1,0,0
11348.51,60.72,0.63,0,1,0,0
11353.57,60.72,0.63,0,1,0,0
11358.64,60.72,0.63,0,1,0,0
11363.70,60.72,0.63,0,1,0,0
11368.76,60.72,0.63,0,1,0,0
11373.82,60.72,0.63,0,1,0,0
11378.88,60.72,0.63,0,1,0,0
11383.94,60.72,0.63,0,1,0,0
11389.00,60.72,0.63,0,1,0,0
11394.06,60.72,0.63,0,1,0,0
11399.12,60.72,0.63,0,1,0,0
11404.18,60.72,0.63,0,1,0,0
11409.25,60.72,0.63,0,1,0,0
11414.31,60.72,0.63,0,1,0,0
11419.37,60.72,0.63,0,1,0,0
11424.43,60.72,0.63,0,1,0,0
11429.49,60.72,0.63,0,1,0,0
11434.55,60.72,0.63,0,1,0,0
11439.61,60.72,0.63,0,1,0,0
11444.67,60.72,0.63,0,1,0,0
11449.73,60.72,0.63,0,1,0,0
11454.79,60.72,0.63,0,1,0,0
11459.85,60.72,0.63,0,1,0,0
11464.91,60.72,0.63,0,1,0,0
11469.97,60.72,0.63,0,1,0,0
11475.03,60.72,0.63,0,1,0,0
11480.09,60.72,0.63,0,1,0,0
11485.15,60.72,0.63,0,1,0,0
11490.21,60.96,0.89,0,1,0,0
11495.27,60.96,0.89,0,1,0,0
11500.33,60.96,0.89,0,1,0,0
11505.39,60.96,0.89,0,1,0,0
11510.45,60.96,0.89,0,1,0,0
11515.51,60.96,0.89,0,1,0,0
11520.57,60.96,0.89,0,1,0,0
11525.63,60.96,0.89,0,1,0,0
11530.69,60.96,0.89,0,1,0,0
11535.75,60.96,0.89,0,1,0,0
11540.81,60.96,0.89,0,1,0,0
11545.87,60.96,0.89,0,1,0,0
11550.93,60.96,0.89,0,1,0,0
11555.99,60.96,0.89,0,1,0,0
11561.05,60.96,0.89,0,1,0,0
11566.11,60.96,0.89,0,1,0,0
11571.17,60.72,-3.00,0,1,0,0
11576.24,60.72,-3.00,0,1,0,0
11581.30,60.72,-3.00,0,1,0,0
11586.36,60.72,-3.00,0,1,0,0
11591.42,60.48,-12.18,0,1,0,0
11596.49,60.24,-34.58,0,1,0,0
11601.55,60.00,-50.46,0,1,0,0
11606.61,59.76,-63.53,0,1,0,0
11611.67,59.28,-83.54,0,1,0,0
11616.73,58.80,-99.42,0,1,0,0
11621.79,58.32,-112.89,0,1,0,0
11626.86,57.60,-130.15,0,1,0,0
11631.92,56.88,-144.84,0,1,0,0
11636.98,56.16,-158.10,0,1,0,0
11642.04,55.20,-174.17,0,1,0,0
11647.10,54.24,-188.53,0,1,0,0
11652.16,53.28,-198.68,0,1,0,0
11657.22,52.08,-216.41,0,1,0,0
11662.28,51.12,-226.84,0,1,0,0
11667.35,49.92,-239.52,0,1,0,0
11672.41,48.72,-244.65,0,1,0,0
11677.47,47.28,-263.45,0,1,0,0
11682.53,45.84,-275.23,0,1,0,0
11687.59,44.40,-286.74,0,1,0,0
11692.65,42.96,-296.66,0,1,0,0
11697.71,41.52,-306.12,0,1,0,0
11702.77,39.84,-315.79,0,1,0,0
11707.83,38.16,-326.09,0,1,0,0
11712.90,36.72,-334.26,0,1,0,0
11717.96,34.80,-343.84,0,1,0,0
11723.02,33.12,-348.84,0,1,0,0
11728.08,31.44,-331.95,0,1,0,0
11733.15,29.52,-363.09,0,1,0,0
11738.21,27.60,-369.23,0,1,0,0
11743.27,25.68,-372.67,0,1,0,0
11748.33,24.00,-379.75,0,1,0,0
11753.39,21.84,-383.39,0,1,0,0
11758.45,19.92,-387.72,0,1,0,0
11763.52,18.00,-422.54,0,1,0,0
11768.58,16.08,-393.44,0,1,0,0
11773.64,14.16,-395.39,0,1,0,0
11778.70,12.00,-397.35,0,1,0,0
11783.76,10.08,-398.67,0,1,0,0
11788.82,7.92,-398.67,0,1,0,0
11793.88,6.00,-400.00,0,1,0,0
11798.94,4.08,-398.67,0,1,0,0
11804.00,1.92,-396.69,0,1,0,0
11809.06,-0.00,-394.09,0,1,0,0
11814.12,-2.16,-393.44,0,1,0,0
11819.18,-4.08,-389.61,0,1,0,0
11824.24,-6.00,-359.82,0,1,0,0
11829.30,-7.92,-382.17,0,1,0,0
11834.36,-9.84,-379.15,0,1,0,0
11839.42,-11.76,-372.09,0,1,0,0
11844.48,-13.68,-366.97,0,1,0,0
11849.54,-15.36,-388.35,0,1,0,0
11854.60,-17.28,-330.58,0,1,0,0
11859.66,-18.96,-344.33,0,1,0,0
11864.72,-20.64,-314.14,0,1,0,0
11869.79,-22.32,-326.53,0,1,0,0
11874.85,-24.00,-315.37,0,1,0,0
11879.91,-25.68,-303.41,0,1,0,0
11884.97,-27.12,-292.68,0,1,0,0
11890.04,-28.56,-282.35,0,1,0,0
11895.10,-30.00,-269.66,0,1,0,0
11900.16,-31.20,-257.51,0,1,0,0
11905.22,-32.40,-256.14,0,1,0,0
11910.28,-33.60,-228.35,0,1,0,0
11915.34,-34.80,-212.95,0,1,0,0
11920.41,-35.76,-198.84,0,1,0,0
11925.48,-36.72,-182.09,0,1,0,0
11930.54,-37.68,-158.63,0,1,0,0
11935.60,-38.40,-147.33,0,1,0,0
11940.66,-39.12,-131.94,0,1,0,0
11945.72,-39.60,-112.10,0,1,0,0
11950.79,-40.08,-96.35,0,1,0,0
11955.85,-40.56,-78.38,0,1,0,0
11960.91,-40.80,-64.94,0,1,0,0
11965.97,-41.04,-49.06,0,1,0,0
11971.08,-41.04,-49.06,0,1,0,0
11976.14,-41.04,-49.06,0,1,0,0
11981.20,-41.04,-49.06,0,1,0,0
11986.26,-40.80,13.38,0,1,0,0
11991.33,-40.56,38.68,0,1,0,0
11996.39,-40.08,70.80,0,1,0,0
12001.45,-39.60,91.08,0,1,0,0
12006.51,-39.12,105.40,0,1,0,0
12011.57,-38.40,127.05,0,1,0,0
12016.63,-37.68,143.80,0,1,0,0
12021.70,-36.96,158.21,0,1,0,0
12026.76,-36.24,170.82,0,1,0,0
12031.82,-35.28,185.90,0,1,0,0
12036.88,-34.32,199.50,0,1,0,0
12041.94,-33.12,212.95,0,1,0,0
12047.00,-32.16,224.09,0,1,0,0
12052.06,-30.96,234.60,0,1,0,0
12057.12,-29.76,244.65,0,1,0,0
12062.19,-28.32,255.86,0,1,0,0
12067.25,-27.12,262.58,0,1,0,0
12072.31,-25.68,272.11,0,1,0,0
12077.37,-24.24,280.37,0,1,0,0
12082.43,-22.80,285.71,0,1,0,0
12087.50,-21.36,292.33,0,1,0,0
12092.56,-19.92,298.51,0,1,0,0
12097.62,-18.48,322.58,0,1,0,0
12102.68,-16.80,308.09,0,1,0,0
12107.74,-15.36,309.68,0,1,0,0
12112.81,-13.68,314.14,0,1,0,0
12117.87,-12.00,297.77,0,1,0,0
12122.93,-10.56,318.30,0,1,0,0
12127.99,-8.88,321.72,0,1,0,0
12133.05,-7.20,323.01,0,1,0,0
12138.11,-5.52,323.89,0,1,0,0
12143.18,-3.84,323.45,0,1,0,0
12148.24,-2.40,303.41,0,1,0,0
12153.30,-0.72,323.45,0,1,0,0
12158.36,0.96,321.72,0,1,0,0
12163.42,2.64,320.00,0,1,0,0
12168.49,4.32,318.30,0,1,0,0
12173.55,5.76,315.79,0,1,0,0
12178.61,7.44,312.50,0,1,0,0
12183.67,8.88,330.12,0,1,0,0
12188.73,10.56,306.12,0,1,0,0
12193.79,12.00,301.51,0,1,0,0
12198.85,13.68,297.03,0,1,0,0
12203.91,15.12,293.04,0,1,0,0
12208.97,16.56,287.43,0,1,0,0
12214.03,18.00,281.69,0,1,0,0
12219.10,19.44,275.55,0,1,0,0
12224.16,20.64,269.97,0,1,0,0
12229.22,22.08,262.87,0,1,0,0
12234.28,23.52,255.59,0,1,0,0
12239.34,24.72,247.93,0,1,0,0
12244.40,25.92,241.45,0,1,0,0
12249.46,27.12,235.29,0,1,0,0
12254.52,28.32,225.99,0,1,0,0
12259.58,29.28,219.38,0,1,0,0
12264.64,30.48,210.34,0,1,0,0
12269.70,31.44,210.90,0,1,0,0
12274.76,32.40,193.55,0,1,0,0
12279.83,33.36,183.77,0,1,0,0
12284.89,34.32,173.16,0,1,0,0
12289.95,35.04,162.82,0,1,0,0
12295.01,36.00,153.35,0,1,0,0
12300.07,36.72,144.67,0,1,0,0
12305.13,37.44,134.15,0,1,0,0
12310.19,37.92,125.33,0,1,0,0
12315.25,38.64,112.73,0,1,0,0
12320.31,39.12,103.67,0,1,0,0
12325.37,39.60,93.53,0,1,0,0
12330.43,40.08,81.41,0,1,0,0
12335.49,40.32,74.17,0,1,0,0
12340.56,40.56,67.04,0,1,0,0
12345.61,40.80,58.21,0,1,0,0
12350.67,41.04,48.03,0,1,0,0
12355.73,41.28,35.03,0,1,0,0
12360.80,41.28,35.03,0,1,0,0
12365.86,41.28,35.03,0,1,0,0
12370.92,41.28,35.03,0,1,0,0
12375.98,41.04,-11.94,0,1,0,0
12381.05,41.04,-11.94,0,1,0,0
12386.10,40.80,-26.58,0,1,0,0
12391.17,40.56,-42.11,0,1,0,0
12396.23,40.08,-60.64,0,1,0,0
12401.29,39.84,-68.67,0,1,0,0
12406.35,39.36,-81.33,0,1,0,0
12411.41,38.88,-90.63,0,1,0,0
12416.47,38.40,-101.95,0,1,0,0
12421.54,37.92,-110.24,0,1,0,0
12426.60,37.20,-122.08,0,1,0,0
12431.66,36.72,-128.62,0,1,0,0
12436.72,36.00,-138.57,0,1,0,0
12441.78,35.28,-147.42,0,1,0,0
12446.84,34.32,-158.52,0,1,0,0
12451.91,33.60,-165.06,0,1,0,0
12456.97,32.64,-174.04,0,1,0,0
12462.03,31.68,-182.79,0,1,0,0
12467.09,30.72,-191.39,0,1,0,0
12472.16,29.76,-198.84,0,1,0,0
12477.22,28.80,-205.48,0,1,0,0
12482.28,27.84,-209.79,0,1,0,0
12487.34,26.64,-218.38,0,1,0,0
12492.40,25.44,-224.72,0,1,0,0
12497.46,24.48,-229.67,0,1,0,0
12502.53,23.28,-235.06,0,1,0,0
12507.59,22.08,-240.24,0,1,0,0
12512.65,20.64,-245.40,0,1,0,0
12517.71,19.44,-249.48,0,1,0,0
12522.77,18.24,-254.51,0,1,0,0
12527.83,16.80,-255.86,0,1,0,0
12532.90,15.60,-261.15,0,1,0,0
12537.96,14.16,-264.03,0,1,0,0
12543.02,12.96,-261.15,0,1,0,0
12548.08,11.52,-254.24,0,1,0,0
12553.14,10.32,-269.36,0,1,0,0
12558.20,8.88,-271.19,0,1,0,0
12563.27,7.44,-273.04,0,1,0,0
12568.33,6.00,-260.02,0,1,0,0
12573.39,4.80,-274.60,0,1,0,0
12578.45,3.36,-273.97,0,1,0,0
12583.51,1.92,-272.11,0,1,0,0
12588.57,0.48,-270.88,0,1,0,0
12593.63,-0.72,-269.36,0,1,0,0
12598.69,-2.16,-269.36,0,1,0,0
12603.75,-3.60,-266.96,0,1,0,0
12608.81,-4.80,-265.19,0,1,0,0
12613.87,-6.24,-274.29,0,1,0,0
12618.93,-7.44,-256.68,0,1,0,0
12623.99,-8.88,-253.70,0,1,0,0
12629.05,-10.08,-250.78,0,1,0,0
12634.11,-11.28,-246.15,0,1,0,0
12639.17,-12.48,-240.96,0,1,0,0
12644.23,-13.68,-245.40,0,1,0,0
12649.29,-14.88,-228.35,0,1,0,0
12654.38,-16.08,-220.79,0,1,0,0
12659.44,-17.04,-213.90,0,1,0,0
12664.50,-18.24,-206.72,0,1,0,0
12669.56,-19.20,-199.34,0,1,0,0
12674.62,-20.16,-191.39,0,1,0,0
12679.68,-21.12,-183.91,0,1,0,0
12684.75,-22.08,-174.17,0,1,0,0
12689.81,-22.80,-165.29,0,1,0,0
12694.87,-23.76,-154.34,0,1,0,0
12699.93,-24.48,-143.97,0,1,0,0
12704.99,-25.20,-133.41,0,1,0,0
12710.05,-25.68,-126.98,0,1,0,0
12715.11,-26.40,-114.07,0,1,0,0
12720.17,-26.88,-105.45,0,1,0,0
12725.23,-27.36,-94.27,0,1,0,0
12730.29,-27.84,-81.91,0,1,0,0
12735.36,-28.08,-74.05,0,1,0,0
12740.42,-28.32,-67.25,0,1,0,0
12745.48,-28.56,-58.00,0,1,0,0
12750.54,-28.80,-47.36,0,1,0,0
12755.60,-29.04,-33.56,0,1,0,0
12760.67,-29.04,-33.56,0,1,0,0
12765.73,-29.04,-33.56,0,1,0,0
12770.79,-28.80,14.11,0,1,0,0
12775.85,-28.80,14.11,0,1,0,0
12780.91,-28.56,24.00,0,1,0,0
12785.98,-28.32,40.89,0,1,0,0
12791.04,-28.08,51.78,0,1,0,0
12796.10,-27.84,60.20,0,1,0,0
12801.16,-27.60,67.38,0,1,0,0
12806.22,-27.12,79.95,0,1,0,0
12811.28,-26.64,90.06,0,1,0,0
12816.35,-26.16,99.13,0,1,0,0
12821.41,-25.68,107.10,0,1,0,0
12826.47,-24.96,117.76,0,1,0,0
12831.53,-24.24,126.72,0,1,0,0
12836.59,-23.76,133.41,0,1,0,0
12841.66,-23.04,141.26,0,1,0,0
12846.72,-22.32,148.42,0,1,0,0
12851.78,-21.36,157.07,0,1,0,0
12856.84,-20.64,162.27,0,1,0,0
12861.90,-19.68,169.61,0,1,0,0
12866.96,-18.96,174.29,0,1,0,0
12872.02,-18.00,179.78,0,1,0,0
12877.08,-17.04,184.47,0,1,0,0
12882.14,-16.08,188.98,0,1,0,0
12887.20,-15.12,193.24,0,1,0,0
12892.26,-14.16,190.02,0,1,0,0
12897.33,-13.20,200.50,0,1,0,0
12902.39,-12.00,203.74,0,1,0,0
12907.45,-11.04,206.19,0,1,0,0
12912.51,-10.08,208.33,0,1,0,0
12917.57,-8.88,210.53,0,1,0,0
12922.63,-7.92,212.01,0,1,0,0
12927.69,-6.72,213.71,0,1,0,0
12932.75,-5.76,214.48,0,1,0,0
12937.81,-4.56,214.67,0,1,0,0
12942.88,-3.60,214.67,0,1,0,0
12947.94,-2.40,205.13,0,1,0,0
12953.00,-1.44,213.90,0,1,0,0
12958.06,-0.24,204.60,0,1,0,0
12963.12,0.72,222.02,0,1,0,0
12968.19,1.92,202.87,0,1,0,0
12973.25,2.88,218.38,0,1,0,0
12978.31,4.08,209.42,0,1,0,0
12983.37,5.04,213.90,0,1,0,0
12988.43,6.00,203.74,0,1,0,0
12993.49,6.96,209.42,0,1,0,0
12998.56,8.16,205.83,0,1,0,0
13003.62,9.12,194.17,0,1,0,0
13008.68,10.08,190.93,0,1,0,0
13013.74,11.04,187.65,0,1,0,0
13018.80,12.00,183.49,0,1,0,0
13023.86,12.72,186.77,0,1,0,0
13028.93,13.68,169.61,0,1,0,0
13033.99,14.64,176.21,0,1,0,0
13039.05,15.36,160.75,0,1,0,0
13044.11,16.32,155.54,0,1,0,0
13049.17,17.04,150.75,0,1,0,0
13054.24,17.76,155.54,0,1,0,0
13059.30,18.48,145.54,0,1,0,0
13064.36,19.20,140.19,0,1,0,0
13069.42,19.92,133.33,0,1,0,0
13074.48,20.64,127.52,0,1,0,0
13079.55,21.12,123.27,0,1,0,0
13084.61,21.84,115.27,0,1,0,0
13089.67,22.32,109.24,0,1,0,0
13094.73,22.80,104.26,0,1,0,0
13099.79,23.28,98.44,0,1,0,0
13104.85,23.76,90.53,0,1,0,0
13109.92,24.24,82.76,0,1,0,0
13114.98,24.72,74.77,0,1,0,0
13120.04,24.96,69.44,0,1,0,0
13125.10,25.20,64.83,0,1,0,0
13130.16,25.44,59.67,0,1,0,0
13135.22,25.68,52.39,0,1,0,0
13140.28,25.92,46.17,0,1,0,0
13145.34,26.16,36.96,0,1,0,0
13150.40,26.16,36.96,0,1,0,0
13155.47,26.40,25.62,0,1,0,0
13160.52,26.40,25.62,0,1,0,0
13165.58,26.40,25.62,0,1,0,0
13170.65,26.16,-13.90,0,1,0,0
13175.70,26.16,-13.90,0,1,0,0
13180.76,26.16,-13.90,0,1,0,0
13185.83,25.92,-16.71,0,1,0,0
13190.89,25.68,-32.03,0,1,0,0
13195.94,25.68,-32.03,0,1,0,0
13201.00,25.44,-41.00,0,1,0,0
13206.07,24.96,-54.25,0,1,0,0
13211.13,24.72,-59.61,0,1,0,0
13216.19,24.48,-64.46,0,1,0,0
13221.25,24.00,-74.19,0,1,0,0
13226.31,23.76,-75.93,0,1,0,0
13231.37,23.28,-84.09,0,1,0,0
13236.43,22.80,-90.46,0,1,0,0
13241.49,22.32,-96.42,0,1,0,0
13246.56,21.84,-103.81,0,1,0,0
13251.62,21.12,-109.29,0,1,0,0
13256.68,20.64,-111.01,0,1,0,0
13261.74,19.92,-116.90,0,1,0,0
13266.80,19.44,-123.33,0,1,0,0
13271.86,18.72,-125.39,0,1,0,0
13276.92,18.00,-133.56,0,1,0,0
13281.99,17.52,-136.44,0,1,0,0
13287.05,16.80,-144.67,0,1,0,0
13292.11,16.08,-144.40,0,1,0,0
13297.17,15.12,-151.23,0,1,0,0
13302.23,14.40,-147.51,0,1,0,0
13307.29,13.68,-159.57,0,1,0,0
13312.35,12.96,-157.48,0,1,0,0
13317.42,12.00,-160.32,0,1,0,0
13322.48,11.28,-162.49,0,1,0,0
13327.54,10.32,-164.84,0,1,0,0
13332.60,9.60,-166.55,0,1,0,0
13337.68,8.64,-168.42,0,1,0,0
13342.75,7.92,-171.06,0,1,0,0
13347.81,6.96,-170.70,0,1,0,0
13352.87,6.24,-171.55,0,1,0,0
13357.93,5.28,-166.32,0,1,0,0
13363.00,4.32,-178.57,0,1,0,0
13368.06,3.60,-173.16,0,1,0,0
13373.12,2.64,-173.54,0,1,0,0
13378.18,1.68,-166.09,0,1,0,0
13383.24,0.96,-177.91,0,1,0,0
13388.30,-0.00,-170.45,0,1,0,0
13393.36,-0.72,-169.61,0,1,0,0
13398.42,-1.68,-163.71,0,1,0,0
13403.49,-2.64,-173.16,0,1,0,0
13408.55,-3.36,-165.40,0,1,0,0
13413.61,-4.32,-162.93,0,1,0,0
13418.67,-5.04,-154.94,0,1,0,0
13423.73,-5.76,-163.60,0,1,0,0
13428.79,-6.72,-155.54,0,1,0,0
13433.85,-7.44,-152.67,0,1,0,0
13438.91,-8.16,-144.40,0,1,0,0
13443.97,-8.88,-149.44,0,1,0,0
13449.03,-9.60,-141.59,0,1,0,0
13454.10,-10.32,-137.77,0,1,0,0
13459.16,-11.04,-129.24,0,1,0,0
13464.22,-11.76,-127.39,0,1,0,0
13469.28,-12.24,-123.46,0,1,0,0
13474.34,-12.96,-117.82,0,1,0,0
13479.41,-13.44,-110.60,0,1,0,0
13484.47,-13.92,-108.40,0,1,0,0
13489.53,-14.40,-103.90,0,1,0,0
13494.59,-15.12,-96.00,0,1,0,0
13499.65,-15.36,-92.63,0,1,0,0
13504.71,-15.84,-85.05,0,1,0,0
13509.77,-16.32,-76.21,0,1,0,0
13514.84,-16.56,-73.44,0,1,0,0
13519.90,-17.04,-64.00,0,1,0,0
13524.96,-17.28,-58.49,0,1,0,0
13530.02,-17.52,-52.74,0,1,0,0
13535.08,-17.76,-46.29,0,1,0,0
13540.15,-18.00,-37.49,0,1,0,0
13545.21,-18.00,-37.49,0,1,0,0
13550.27,-18.24,-26.99,0,1,0,0
13555.33,-18.24,-26.99,0,1,0,0
13560.39,-18.24,-26.99,0,1,0,0
13565.45,-18.24,-26.99,0,1,0,0
13570.51,-18.24,-26.99,0,1,0,0
13575.58,-18.00,10.60,0,1,0,0
13580.64,-18.00,10.60,0,1,0,0
13585.70,-17.76,19.29,0,1,0,0
13590.76,-17.76,19.29,0,1,0,0
13595.83,-17.52,31.98,0,1,0,0
13600.89,-17.28,40.16,0,1,0,0
13605.95,-17.04,46.47,0,1,0,0
13611.01,-16.56,55.89,0,1,0,0
13616.07,-16.32,60.84,0,1,0,0
13621.13,-16.08,64.64,0,1,0,0
13626.19,-15.60,71.58,0,1,0,0
13631.26,-15.36,74.74,0,1,0,0
13636.32,-14.88,80.24,0,1,0,0
13641.38,-14.40,85.02,0,1,0,0
13646.44,-13.92,89.59,0,1,0,0
13651.50,-13.44,93.82,0,1,0,0
13656.57,-12.96,95.62,0,1,0,0
13661.63,-12.48,100.97,0,1,0,0
13666.69,-12.00,104.03,0,1,0,0
13671.75,-11.52,106.76,0,1,0,0
13676.81,-10.80,110.65,0,1,0,0
13681.87,-10.32,112.78,0,1,0,0
13686.93,-9.84,117.53,0,1,0,0
13691.99,-9.12,117.88,0,1,0,0
13697.05,-8.64,116.73,0,1,0,0
13702.11,-7.92,121.77,0,1,0,0
13707.17,-7.20,120.60,0,1,0,0
13712.23,-6.72,124.55,0,1,0,0
13717.30,-6.00,129.03,0,1,0,0
13722.36,-5.52,123.33,0,1,0,0
13727.42,-4.80,127.32,0,1,0,0
13732.48,-4.08,128.21,0,1,0,0
13737.54,-3.36,128.27,0,1,0,0
13742.60,-2.88,125.26,0,1,0,0
13747.66,-2.16,131.65,0,1,0,0
13752.72,-1.44,128.07,0,1,0,0
13757.78,-0.96,127.80,0,1,0,0
13762.84,-0.24,124.48,0,1,0,0
13767.91,0.48,123.58,0,1,0,0
13772.97,0.96,125.85,0,1,0,0
13778.03,1.68,127.86,0,1,0,0
13783.09,2.40,122.82,0,1,0,0
13788.15,2.88,121.83,0,1,0,0
13793.21,3.60,120.12,0,1,0,0
13798.28,4.08,118.52,0,1,0,0
13803.34,4.80,116.56,0,1,0,0
13808.40,5.28,114.89,0,1,0,0
13813.46,6.00,113.91,0,1,0,0
13818.52,6.48,109.44,0,1,0,0
13823.58,6.96,105.12,0,1,0,0
13828.64,7.44,107.05,0,1,0,0
13833.70,7.92,101.65,0,1,0,0
13838.76,8.64,98.16,0,1,0,0
13843.82,9.12,93.53,0,1,0,0
13848.89,9.60,93.39,0,1,0,0
13853.95,9.84,89.19,0,1,0,0
13859.01,10.32,86.61,0,1,0,0
13864.07,10.80,82.82,0,1,0,0
13869.14,11.28,80.19,0,1,0,0
13874.19,11.52,75.38,0,1,0,0
13879.26,12.00,71.05,0,1,0,0
13884.32,12.24,69.14,0,1,0,0
13889.38,12.72,63.64,0,1,0,0
13894.44,12.96,60.64,0,1,0,0
13899.50,13.20,57.80,0,1,0,0
13904.56,13.44,53.04,0,1,0,0
13909.63,13.68,50.13,0,1,0,0
13914.69,13.92,44.99,0,1,0,0
13919.75,14.16,40.64,0,1,0,0
13924.81,14.40,35.00,0,1,0,0
13929.87,14.40,35.00,0,1,0,0
13934.93,14.64,28.33,0,1,0,0
13939.99,14.64,28.33,0,1,0,0
13945.05,14.64,28.33,0,1,0,0
13950.12,14.88,18.86,0,1,0,0
13955.18,14.88,18.86,0,1,0,0
13960.24,14.88,18.86,0,1,0,0
13965.30,14.88,18.86,0,1,0,0
13970.36,14.88,18.86,0,1,0,0
13975.42,14.88,18.86,0,1,0,0
13980.48,14.88,18.86,0,1,0,0
13985.54,14.64,-6.36,0,1,0,0
13990.60,14.64,-6.36,0,1,0,0
13995.66,14.40,-23.65,0,1,0,0
14000.72,14.40,-23.65,0,1,0,0
14005.78,14.16,-30.66,0,1,0,0
14010.84,13.92,-36.08,0,1,0,0
14015.90,13.68,-40.57,0,1,0,0
14020.96,13.44,-44.51,0,1,0,0
14026.04,13.20,-47.94,0,1,0,0
14031.11,12.96,-51.07,0,1,0,0
14036.17,12.72,-53.97,0,1,0,0
14041.23,12.48,-56.62,0,1,0,0
14046.29,12.00,-61.46,0,1,0,0
14051.35,11.76,-64.59,0,1,0,0
14056.41,11.52,-64.99,0,1,0,0
14061.48,11.04,-69.28,0,1,0,0
14066.54,10.80,-71.39,0,1,0,0
14071.60,10.32,-75.83,0,1,0,0
14076.66,9.84,-77.64,0,1,0,0
14081.72,9.60,-79.08,0,1,0,0
14086.78,9.12,-80.03,0,1,0,0
14091.85,8.64,-83.36,0,1,0,0
14096.91,8.16,-85.62,0,1,0,0
14101.97,7.92,-86.36,0,1,0,0
14107.03,7.44,-88.04,0,1,0,0
14112.09,6.96,-89.89,0,1,0,0
14117.15,6.48,-91.29,0,1,0,0
14122.22,6.00,-92.27,0,1,0,0
14127.27,5.52,-93.28,0,1,0,0
14132.34,5.04,-94.01,0,1,0,0
14137.40,4.56,-94.86,0,1,0,0
14142.46,4.08,-95.43,0,1,0,0
14147.52,3.60,-95.85,0,1,0,0
14152.58,3.12,-96.04,0,1,0,0
14157.64,2.64,-96.12,0,1,0,0
14162.70,2.16,-96.00,0,1,0,0
14167.76,1.68,-95.77,0,1,0,0
14172.83,1.20,-95.39,0,1,0,0
14177.89,0.72,-94.94,0,1,0,0
14182.95,0.24,-94.30,0,1,0,0
14188.01,-0.24,-93.49,0,1,0,0
14193.07,-0.72,-92.45,0,1,0,0
14198.13,-1.20,-91.25,0,1,0,0
14203.20,-1.68,-90.02,0,1,0,0
14208.26,-2.16,-88.82,0,1,0,0
14213.32,-2.64,-85.68,0,1,0,0
14218.38,-2.88,-86.46,0,1,0,0
14223.44,-3.36,-84.90,0,1,0,0
14228.50,-3.84,-82.39,0,1,0,0
14233.57,-4.32,-80.11,0,1,0,0
14238.62,-4.56,-78.30,0,1,0,0
14243.68,-5.04,-75.71,0,1,0,0
14248.75,-5.28,-74.35,0,1,0,0
14253.81,-5.76,-70.26,0,1,0,0
14258.86,-6.00,-69.28,0,1,0,0
14263.92,-6.48,-65.43,0,1,0,0
14268.98,-6.72,-63.37,0,1,0,0
14274.05,-6.96,-61.89,0,1,0,0
14279.11,-7.20,-58.04,0,1,0,0
14284.17,-7.68,-53.51,0,1,0,0
14289.23,-7.92,-50.56,0,1,0,0
14294.28,-8.16,-47.23,0,1,0,0
14299.35,-8.40,-43.58,0,1,0,0
14304.41,-8.40,-43.58,0,1,0,0
14309.47,-8.64,-39.61,0,1,0,0
14314.53,-8.88,-35.08,0,1,0,0
14319.59,-8.88,-35.08,0,1,0,0
14324.66,-9.12,-29.70,0,1,0,0
14329.72,-9.12,-29.70,0,1,0,0
14334.78,-9.36,-22.78,0,1,0,0
14339.84,-9.36,-22.78,0,1,0,0
14344.90,-9.36,-22.78,0,1,0,0
14349.97,-9.36,-22.78,0,1,0,0
14355.03,-9.36,-22.78,0,1,0,0
14360.09,-9.36,-22.78,0,1,0,0
14365.15,-9.36,-22.78,0,1,0,0
14370.21,-9.36,-22.78,0,1,0,0
14375.27,-9.12,5.42,0,1,0,0
14380.33,-9.12,5.42,0,1,0,0
14385.39,-9.12,5.42,0,1,0,0
14390.45,-8.88,17.40,0,1,0,0
14395.51,-8.88,17.40,0,1,0,0
14400.57,-8.64,24.39,0,1,0,0
14405.63,-8.64,24.39,0,1,0,0
14410.70,-8.40,29.14,0,1,0,0
14415.76,-8.16,32.87,0,1,0,0
14420.82,-8.16,32.87,0,1,0,0
14425.88,-7.92,35.94,0,1,0,0
14430.94,-7.68,38.73,0,1,0,0
14436.00,-7.44,41.07,0,1,0,0
14441.07,-7.20,43.12,0,1,0,0
14446.13,-6.96,44.87,0,1,0,0
14451.19,-6.72,46.73,0,1,0,0
14456.25,-6.48,48.31,0,1,0,0
14461.31,-6.24,49.79,0,1,0,0
14466.37,-6.00,51.15,0,1,0,0
14471.43,-5.76,52.31,0,1,0,0
14476.50,-5.52,53.45,0,1,0,0
14481.56,-5.04,55.58,0,1,0,0
14486.62,-4.80,56.42,0,1,0,0
14491.68,-4.56,57.27,0,1,0,0
14496.74,-4.32,58.01,0,1,0,0
14501.80,-4.08,58.65,0,1,0,0
14506.86,-3.60,59.63,0,1,0,0
14511.93,-3.36,60.05,0,1,0,0
14516.99,-3.12,60.50,0,1,0,0
14522.05,-2.64,61.16,0,1,0,0
14527.11,-2.40,61.26,0,1,0,0
14532.17,-2.16,61.38,0,1,0,0
14537.23,-1.92,61.48,0,1,0,0
14542.29,-1.44,61.78,0,1,0,0
14547.35,-1.20,61.76,0,1,0,0
14552.41,-0.96,61.44,0,1,0,0
14557.47,-0.48,61.19,0,1,0,0
14562.53,-0.24,61.16,0,1,0,0
14567.59,0.00,61.19,0,1,0,0
14572.65,0.24,59.91,0,1,0,0
14577.71,0.72,59.63,0,1,0,0
14582.77,0.96,58.71,0,1,0,0
14587.83,1.20,58.13,0,1,0,0
14592.89,1.44,57.49,0,1,0,0
14597.95,1.92,55.94,0,1,0,0
14603.01,2.16,55.07,0,1,0,0
14608.07,2.40,54.05,0,1,0,0
14613.13,2.64,52.91,0,1,0,0
14618.19,2.88,51.77,0,1,0,0
14623.25,3.12,50.38,0,1,0,0
14628.31,3.36,49.29,0,1,0,0
14633.37,3.60,47.76,0,1,0,0
14638.42,3.84,46.19,0,1,0,0
14643.49,4.08,44.78,0,1,0,0
14648.55,4.32,42.19,0,1,0,0
14653.60,4.56,40.48,0,1,0,0
14658.67,4.56,40.48,0,1,0,0
14663.73,4.80,38.34,0,1,0,0
14668.78,5.04,35.91,0,1,0,0
14673.84,5.28,33.21,0,1,0,0
14678.91,5.28,33.21,0,1,0,0
14683.97,5.52,30.16,0,1,0,0
14689.03,5.52,30.16,0,1,0,0
14694.09,5.76,26.69,0,1,0,0
14699.15,5.76,26.69,0,1,0,0
14704.21,6.00,22.76,0,1,0,0
14709.28,6.00,22.76,0,1,0,0
14714.34,6.24,17.49,0,1,0,0
14719.40,6.24,17.49,0,1,0,0
14724.46,6.24,17.49,0,1,0,0
14729.52,6.24,17.49,0,1,0,0
14734.58,6.24,17.49,0,1,0,0
14739.66,6.24,17.49,0,1,0,0
14744.72,6.24,17.49,0,1,0,0
14749.78,6.24,17.49,0,1,0,0
14754.84,6.24,17.49,0,1,0,0
14759.91,6.24,17.49,0,1,0,0
14764.97,6.24,17.49,0,1,0,0
14770.03,6.24,17.49,0,1,0,0
14775.09,6.00,-4.11,0,1,0,0
14780.15,6.00,-4.11,0,1,0,0
14785.21,6.00,-4.11,0,1,0,0
14790.27,6.00,-4.11,0,1,0,0
14795.33,5.76,-13.28,0,1,0,0
14800.39,5.76,-13.28,0,1,0,0
14805.45,5.52,-18.36,0,1,0,0
14810.51,5.52,-18.36,0,1,0,0
14815.58,5.28,-21.82,0,1,0,0
14820.64,5.28,-21.82,0,1,0,0
14825.70,5.04,-24.29,0,1,0,0
14830.76,5.04,-24.29,0,1,0,0
14835.82,4.80,-26.21,0,1,0,0
14840.88,4.80,-26.21,0,1,0,0
14845.94,4.56,-27.90,0,1,0,0
14851.01,4.32,-29.34,0,1,0,0
14856.07,4.32,-29.34,0,1,0,0
14861.13,4.08,-30.55,0,1,0,0
14866.19,3.84,-31.69,0,1,0,0
14871.25,3.84,-31.69,0,1,0,0
14876.31,3.60,-32.74,0,1,0,0
14881.38,3.36,-33.66,0,1,0,0
14886.43,3.36,-33.66,0,1,0,0
14891.50,3.12,-34.35,0,1,0,0
14896.56,2.88,-34.97,0,1,0,0
14901.62,2.64,-35.53,0,1,0,0
14906.68,2.64,-35.53,0,1,0,0
14911.74,2.40,-36.01,0,1,0,0
14916.80,2.16,-36.28,0,1,0,0
14921.86,1.92,-36.42,0,1,0,0
14926.92,1.92,-36.42,0,1,0,0
14931.99,1.68,-36.49,0,1,0,0
14937.05,1.44,-36.52,0,1,0,0
14942.11,1.20,-36.41,0,1,0,0
14947.17,0.96,-36.23,0,1,0,0
14952.23,0.96,-36.23,0,1,0,0
14957.29,0.72,-35.90,0,1,0,0
14962.37,0.48,-35.47,0,1,0,0
14967.43,0.24,-34.91,0,1,0,0
14972.50,0.24,-34.91,0,1,0,0
14977.56,-0.00,-34.32,0,1,0,0
14982.62,-0.24,-33.58,0,1,0,0
14987.68,-0.24,-33.58,0,1,0,0
14992.75,-0.48,-32.68,0,1,0,0
14997.81,-0.72,-31.85,0,1,0,0
15002.87,-0.72,-31.85,0,1,0,0
15007.93,-0.96,-30.69,0,1,0,0
15012.99,-1.20,-29.49,0,1,0,0
15018.05,-1.20,-29.49,0,1,0,0
15023.12,-1.44,-28.13,0,1,0,0
15028.17,-1.44,-28.13,0,1,0,0
15033.24,-1.68,-26.65,0,1,0,0
15038.30,-1.68,-26.65,0,1,0,0
15043.36,-1.92,-24.47,0,1,0,0
15048.42,-1.92,-24.47,0,1,0,0
15053.48,-2.16,-22.18,0,1,0,0
15058.54,-2.16,-22.18,0,1,0,0
15063.59,-2.40,-19.48,0,1,0,0
15068.65,-2.40,-19.48,0,1,0,0
15073.71,-2.40,-19.48,0,1,0,0
15078.77,-2.64,-15.98,0,1,0,0
15083.83,-2.64,-15.98,0,1,0,0
15088.89,-2.64,-15.98,0,1,0,0
15093.95,-2.64,-15.98,0,1,0,0
15099.01,-2.64,-15.98,0,1,0,0
15104.07,-2.88,-10.88,0,1,0,0
15109.13,-2.88,-10.88,0,1,0,0
15114.19,-2.88,-10.88,0,1,0,0
15119.25,-2.88,-10.88,0,1,0,0
15124.31,-2.88,-10.88,0,1,0,0
15129.37,-2.88,-10.88,0,1,0,0
15134.43,-2.88,-10.88,0,1,0,0
15139.49,-2.88,-10.88,0,1,0,0
15144.55,-2.88,-10.88,0,1,0,0
15149.61,-2.88,-10.88,0,1,0,0
15154.67,-2.88,-10.88,0,1,0,0
15159.73,-2.88,-10.88,0,1,0,0
15164.79,-2.88,-10.88,0,1,0,0
15169.85,-2.88,-10.88,0,1,0,0
15174.91,-2.64,3.26,0,1,0,0
15179.97,-2.64,3.26,0,1,0,0
15185.03,-2.64,3.26,0,1,0,0
15190.09,-2.64,3.26,0,1,0,0
15195.15,-2.64,3.26,0,1,0,0
15200.21,-2.40,10.98,0,1,0,0
15205.27,-2.40,10.98,0,1,0,0
15210.33,-2.40,10.98,0,1,0,0
15215.39,-2.16,13.15,0,1,0,0
15220.45,-2.16,13.15,0,1,0,0
15225.51,-2.16,13.15,0,1,0,0
15230.57,-2.16,13.15,0,1,0,0
15235.64,-1.92,14.10,0,1,0,0
15240.70,-1.92,14.10,0,1,0,0
15245.76,-1.92,14.10,0,1,0,0
15250.82,-1.68,14.31,0,1,0,0
15255.88,-1.68,14.31,0,1,0,0
15260.94,-1.68,14.31,0,1,0,0
15266.01,-1.44,14.05,0,1,0,0
15271.07,-1.44,14.05,0,1,0,0
15276.13,-1.44,14.05,0,1,0,0
15281.19,-1.44,14.05,0,1,0,0
15286.25,-1.20,13.46,0,1,0,0
15291.31,-1.20,13.46,0,1,0,0
15296.38,-1.20,13.46,0,1,0,0
15301.44,-0.96,12.73,0,1,0,0
15306.50,-0.96,12.73,0,1,0,0
15311.56,-0.96,12.73,0,1,0,0
15316.62,-0.96,12.73,0,1,0,0
15321.68,-0.96,12.73,0,1,0,0
15326.75,-0.72,11.66,0,1,0,0
15331.81,-0.72,11.66,0,1,0,0
15336.87,-0.72,11.66,0,1,0,0
15341.93,-0.72,11.66,0,1,0,0
15346.99,-0.48,10.18,0,1,0,0
15352.05,-0.48,10.18,0,1,0,0
15357.11,-0.48,10.18,0,1,0,0
15362.17,-0.48,10.18,0,1,0,0
15367.24,-0.48,10.18,0,1,0,0
15372.30,-0.48,10.18,0,1,0,0
15377.36,-0.24,8.24,0,1,0,0
15382.42,-0.24,8.24,0,1,0,0
15387.48,-0.24,8.24,0,1,0,0
15392.54,-0.24,8.24,0,1,0,0
15397.61,-0.24,8.24,0,1,0,0
15402.67,-0.24,8.24,0,1,0,0
15407.73,-0.24,8.24,0,1,0,0
15412.79,-0.24,8.24,0,1,0,0
15417.85,-0.24,8.24,0,1,0,0
15422.91,-0.24,8.24,0,1,0,0
15427.98,-0.00,4.71,0,1,0,0
15433.04,-0.00,4.71,0,1,0,0
15438.10,-0.00,4.71,0,1,0,0
15443.16,-0.00,4.71,0,1,0,0
15448.22,-0.00,4.71,0,1,0,0
15453.32,-0.00,4.71,0,1,0,0
15458.39,-0.00,4.71,0,1,0,0
15463.45,-0.00,4.71,0,1,0,0
15468.51,-0.00,4.71,0,1,0,0
15473.57,-0.00,4.71,0,1,0,0
15478.63,-0.00,4.71,0,1,0,0
15483.69,-0.00,4.71,0,1,0,0
15488.75,-0.00,4.71,0,1,0,0
15493.81,-0.00,4.71,0,1,0,0
15498.88,-0.00,4.71,0,1,0,0
15503.94,-0.00,4.71,0,1,0,0
15509.00,-0.00,4.71,0,1,0,0
15514.06,-0.00,4.71,0,1,0,0
15519.12,-0.00,4.71,0,1,0,0
15524.18,-0.00,4.71,0,1,0,0
15529.25,-0.24,-2.36,0,1,0,0
15534.31,-0.24,-2.36,0,1,0,0
15539.37,-0.24,-2.36,0,1,0,0
15544.43,-0.24,-2.36,0,1,0,0
15549.49,-0.24,-2.36,0,1,0,0
15554.55,-0.24,-2.36,0,1,0,0
15559.61,-0.24,-2.36,0,1,0,0
15564.67,-0.24,-2.36,0,1,0,0
15569.74,-0.24,-2.36,0,1,0,0
15574.80,-0.24,-2.36,0,1,0,0
15579.86,-0.24,-2.36,0,1,0,0
15584.92,-0.24,-2.36,0,1,0,0
15589.98,-0.24,-2.36,0,1,0,0
15595.04,-0.24,-2.36,0,1,0,0
15600.11,-0.24,-2.36,0,1,0,0
15605.17,-0.24,-2.36,0,1,0,0
15610.23,-0.24,-2.36,0,1,0,0
15615.29,-0.24,-2.36,0,1,0,0
15620.35,-0.24,-2.36,0,1,0,0
15625.41,-0.24,-2.36,0,1,0,0
15630.47,-0.24,-2.36,0,1,0,0
15635.53,-0.24,-2.36,0,1,0,0
15640.59,-0.24,-2.36,0,1,0,0
15645.65,-0.24,-2.36,0,1,0,0
15650.71,-0.24,-2.36,0,1,0,0
15655.77,-0.24,-2.36,0,1,0,0
15660.83,-0.24,-2.36,0,1,0,0
15665.89,-0.24,-2.36,0,1,0,0
15670.95,-0.24,-2.36,0,1,0,0
15676.01,-0.24,-2.36,0,1,0,0
15681.07,-0.24,-2.36,0,1,0,0
15686.13,-0.24,-2.36,0,1,0,0
15691.20,-0.24,-2.36,0,1,0,0
15696.26,-0.24,-2.36,0,1,0,0
15701.32,-0.24,-2.36,0,1,0,0
15706.38,-0.24,-2.36,0,1,0,0
15711.44,-0.24,-2.36,0,1,0,0
15716.50,-0.24,-2.36,0,1,0,0
15721.57,-0.24,-2.36,0,1,0,0
15726.62,-0.24,-2.36,0,1,0,0
15731.69,-0.24,-2.36,0,1,0,0
15736.75,-0.24,-2.36,0,1,0,0
15741.81,-0.24,-2.36,0,1,0,0
15746.87,-0.24,-2.36,0,1,0,0
15751.93,-0.24,-2.36,0,1,0,0
15757.00,-0.24,-2.36,0,1,0,0
15762.06,-0.24,-2.36,0,1,0,0
15767.12,-0.24,-2.36,0,1,0,0
15772.18,-0.24,-2.36,0,1,0,0
15777.24,-0.24,-2.36,0,1,0,0
15782.30,-0.24,-2.36,0,1,0,0
15787.36,-0.24,-2.36,0,1,0,0
15792.43,-0.24,-2.36,0,1,0,0
15797.49,-0.24,-2.36,0,1,0,0
15802.55,-0.24,-2.36,0,1,0,0
15807.61,-0.24,-2.36,0,1,0,0
15812.67,-0.24,-2.36,0,1,0,0
15817.73,-0.24,-2.36,0,1,0,0
15822.80,-0.24,-2.36,0,1,0,0
15827.85,-0.24,-2.36,0,1,0,0
15832.92,-0.24,-2.36,0,1,0,0
15837.98,-0.24,-2.36,0,1,0,0
15843.04,-0.24,-2.36,0,1,0,0
15848.10,-0.24,-2.36,0,1,0,0
15853.16,-0.24,-2.36,0,1,0,0
15858.22,-0.24,-2.36,0,1,0,0
15863.29,-0.24,-2.36,0,1,0,0
15868.35,-0.24,-2.36,0,1,0,0
15873.41,-0.24,-2.36,0,1,0,0
15878.47,-0.24,-2.36,0,1,0,0
15883.53,-0.24,-2.36,0,1,0,0
15888.59,-0.24,-2.36,0,1,0,0
15893.65,-0.24,-2.36,0,1,0,0
15898.71,-0.24,-2.36,0,1,0,0
15903.77,-0.24,-2.36,0,1,0,0
15908.83,-0.24,-2.36,0,1,0,0
15913.89,-0.24,-2.36,0,1,0,0
15918.95,-0.24,-2.36,0,1,0,0
15924.01,-0.24,-2.36,0,1,0,0
15929.07,-0.24,-2.36,0,1,0,0
15934.13,-0.24,-2.36,0,1,0,0
15939.19,-0.24,-2.36,0,1,0,0
15944.25,-0.24,-2.36,0,1,0,0
15949.31,-0.24,-2.36,0,1,0,0
15954.38,-0.24,-2.36,0,1,0,0
15959.44,-0.24,-2.36,0,1,0,0
15964.50,-0.24,-2.36,0,1,0,0
15969.56,-0.24,-2.36,0,1,0,0
15974.62,-0.24,-2.36,0,1,0,0
15979.68,-0.24,-2.36,0,1,0,0
15984.75,-0.24,-2.36,0,1,0,0
15989.81,-0.24,-2.36,0,1,0,0
15994.87,-0.24,-2.36,0,1,0,0
15999.93,-0.24,-2.36,0,1,0,0
16004.99,-0.24,-2.36,0,1,0,0
16010.05,-0.24,-2.36,0,1,0,0
16015.12,-0.24,-2.36,0,1,0,0
16020.18,-0.24,-2.36,0,1,0,0
16025.24,-0.24,-2.36,0,1,0,0
16030.30,-0.24,-2.36,0,1,0,0
16035.36,-0.24,-2.36,0,1,0,0
16040.42,-0.24,-2.36,0,1,0,0
16045.49,-0.24,-2.36,0,1,0,0
16050.55,-0.24,-2.36,0,1,0,0
16055.61,-0.24,-2.36,0,1,0,0
16060.67,-0.24,-2.36,0,1,0,0
16065.73,-0.24,-2.36,0,1,0,0
16070.79,-0.24,-2.36,0,1,0,0
16075.85,-0.24,-2.36,0,1,0,0
16080.91,-0.24,-2.36,0,1,0,0
16085.98,-0.24,-2.36,0,1,0,0
16091.04,-0.24,-2.36,0,1,0,0
16096.10,-0.24,-2.36,0,1,0,0
16101.16,-0.24,-2.36,0,1,0,0
16106.22,-0.24,-2.36,0,1,0,0
16111.28,-0.24,-2.36,0,1,0,0
16116.34,-0.24,-2.36,0,1,0,0
16121.41,-0.24,-2.36,0,1,0,0
16126.47,-0.24,-2.36,0,1,0,0
16131.53,-0.24,-2.36,0,1,0,0
16136.59,-0.24,-2.36,0,1,0,0
16141.65,-0.24,-2.36,0,1,0,0
16146.71,-0.24,-2.36,0,1,0,0
16151.77,-0.24,-2.36,0,1,0,0
16156.84,-0.24,-2.36,0,1,0,0
16161.90,-0.24,-2.36,0,1,0,0
16166.96,-0.24,-2.36,0,1,0,0
16172.04,-0.24,-2.36,0,1,0,0
16177.10,-0.24,-2.36,0,1,0,0
16182.16,-0.24,-2.36,0,1,0,0
16187.22,-0.24,-2.36,0,1,0,0
16192.28,-0.24,-2.36,0,1,0,0
16197.34,-0.24,-2.36,0,1,0,0
16202.40,-0.24,-2.36,0,1,0,0
16207.46,-0.24,-2.36,0,1,0,0
16212.52,-0.24,-2.36,0,1,0,0
16217.58,-0.24,-2.36,0,1,0,0
16222.64,-0.24,-2.36,0,1,0,0
16227.70,-0.24,-2.36,0,1,0,0
16232.76,-0.24,-2.36,0,1,0,0
16237.82,-0.24,-2.36,0,1,0,0
16242.88,-0.24,-2.36,0,1,0,0
16247.95,-0.24,-2.36,0,1,0,0
16253.00,-0.24,-2.36,0,1,0,0
16258.07,-0.24,-2.36,0,1,0,0
16263.13,-0.24,-2.36,0,1,0,0
16268.19,-0.24,-2.36,0,1,0,0
16273.25,-0.24,-2.36,0,1,0,0
16278.31,-0.24,-2.36,0,1,0,0
16283.37,-0.24,-2.36,0,1,0,0
16288.44,-0.24,-2.36,0,1,0,0
16293.50,-0.24,-2.36,0,1,0,0
16298.56,-0.24,-2.36,0,1,0,0
16303.62,-0.24,-2.36,0,1,0,0
16308.68,-0.24,-2.36,0,1,0,0
16313.74,-0.24,-2.36,0,1,0,0
16318.81,-0.24,-2.36,0,1,0,0
16323.87,-0.24,-2.36,0,1,0,0
16328.93,-0.24,-2.36,0,1,0,0
16333.99,-0.24,-2.36,0,1,0,0
16339.05,-0.24,-2.36,0,1,0,0
16344.11,-0.24,-2.36,0,1,0,0
16349.17,-0.24,-2.36,0,1,0,0
16354.24,-0.24,-2.36,0,1,0,0
16359.30,-0.24,-2.36,0,1,0,0
16364.36,-0.24,-2.36,0,1,0,0
16369.42,-0.24,-2.36,0,1,0,0
16374.48,-0.24,-2.36,0,1,0,0
16379.55,-0.24,-2.36,0,1,0,0
16384.60,-0.24,-2.36,0,1,0,0
16389.67,-0.24,-2.36,0,1,0,0
16394.73,-0.24,-2.36,0,1,0,0
16399.79,-0.24,-2.36,0,1,0,0
16404.85,-0.24,-2.36,0,1,0,0
16409.91,-0.24,-2.36,0,1,0,0
16414.97,-0.24,-2.36,0,1,0,0
16420.04,-0.24,-2.36,0,1,0,0
16425.10,-0.24,-2.36,0,1,0,0
16430.16,-0.24,-2.36,0,1,0,0
16435.22,-0.24,-2.36,0,1,0,0
16440.28,-0.24,-2.36,0,1,0,0
16445.34,-0.24,-2.36,0,1,0,0
16450.40,-0.24,-2.36,0,1,0,0
16455.46,-0.24,-2.36,0,1,0,0
16460.52,-0.24,-2.36,0,1,0,0
16465.58,-0.24,-2.36,0,1,0,0
16470.64,-0.24,-2.36,0,1,0,0
16475.70,-0.24,-2.36,0,1,0,0
16480.76,-0.24,-2.36,0,1,0,0
16485.82,-0.24,-2.36,0,1,0,0
16490.88,-0.24,-2.36,0,1,0,0
16495.94,-0.24,-2.36,0,1,0,0
16501.00,-0.24,-2.36,0,1,0,0
16506.06,-0.24,-2.36,0,1,0,0
16511.12,-0.24,-2.36,0,1,0,0
16516.18,-0.24,-2.36,0,1,0,0
16521.24,-0.24,-2.36,0,1,0,0
16526.30,-0.24,-2.36,0,1,0,0
16531.36,-0.24,-2.36,0,1,0,0
16536.42,-0.24,-2.36,0,1,0,0
16541.48,-0.24,-2.36,0,1,0,0
16546.54,-0.24,-2.36,0,1,0,0
16551.60,-0.24,-2.36,0,1,0,0
16556.65,-0.24,-2.36,0,1,0,0
16561.72,-0.24,-2.36,0,1,0,0
16566.78,-0.24,-2.36,0,1,0,0
16571.83,-0.24,-2.36,0,1,0,0
16576.90,-0.24,-2.36,0,1,0,0
16581.96,-0.24,-2.36,0,1,0,0
16587.01,-0.24,-2.36,0,1,0,0
16592.07,-0.24,-2.36,0,1,0,0
16597.13,-0.24,-2.36,0,1,0,0
16602.19,-0.24,-2.36,0,1,0,0
16607.25,-0.24,-2.36,0,1,0,0
16612.31,-0.24,-2.36,0,1,0,0
16617.37,-0.24,-2.36,0,1,0,0
16622.43,-0.24,-2.36,0,1,0,0
16627.49,-0.24,-2.36,0,1,0,0
16632.55,-0.24,-2.36,0,1,0,0
16637.61,-0.24,-2.36,0,1,0,0
16642.67,-0.24,-2.36,0,1,0,0
16647.73,-0.24,-2.36,0,1,0,0
16652.79,-0.24,-2.36,0,1,0,0
16657.85,-0.24,-2.36,0,1,0,0
16662.91,-0.24,-2.36,0,1,0,0
16667.97,-0.24,-2.36,0,1,0,0
16673.03,-0.24,-2.36,0,1,0,0
16678.09,-0.24,-2.36,0,1,0,0
16683.15,-0.24,-2.36,0,1,0,0
16688.21,-0.24,-2.36,0,1,0,0
16693.27,-0.24,-2.36,0,1,0,0
16698.33,-0.24,-2.36,0,1,0,0
16703.39,-0.24,-2.36,0,1,0,0
16708.45,-0.24,-2.36,0,1,0,0
16713.51,-0.24,-2.36,0,1,0,0
16718.57,-0.24,-2.36,0,1,0,0
16723.63,-0.24,-2.36,0,1,0,0
16728.69,-0.24,-2.36,0,1,0,0
16733.75,-0.24,-2.36,0,1,0,0
16738.81,-0.24,-2.36,0,1,0,0
16743.87,-0.24,-2.36,0,1,0,0
16748.93,-0.24,-2.36,0,1,0,0
16753.99,-0.24,-2.36,0,1,0,0
16759.05,-0.24,-2.36,0,1,0,0
16764.11,-0.24,-2.36,0,1,0,0
16769.17,-0.24,-2.36,0,1,0,0
